event_id,event,date,location
1,UFC 318: Holloway vs. Poirier 3,07/19/2025,"New Orleans, Louisiana, USA"
2,UFC Fight Night: Lewis vs. Teixeira,07/12/2025,"Nashville, Tennessee, USA"
3,UFC 317: Topuria vs. Oliveira,06/28/2025,"Las Vegas, Nevada, USA"
4,UFC Fight Night: Hill vs. Rountree Jr.,06/21/2025,"Baku, Azerbaijan"
5,UFC Fight Night: Usman vs. Buckley,06/14/2025,"Atlanta, Georgia, USA"
6,UFC 316: Dvalishvili vs. O'Malley 2,06/07/2025,"Newark, New Jersey, USA"
7,UFC Fight Night: Blanchfield vs. Barber,05/31/2025,"Las Vegas, Nevada, USA"
8,UFC Fight Night: Burns vs. Morales,05/17/2025,"Las Vegas, Nevada, USA"
9,UFC 315: Muhammad vs. Della Maddalena,05/10/2025,"Montreal, Quebec, Canada"
10,UFC Fight Night: Sandhagen vs. Figueiredo,05/03/2025,"Des Moines, Iowa, USA"
11,UFC Fight Night: Machado Garry vs. Prates,04/26/2025,"Kansas City, Missouri, USA"
12,UFC 314: Volkanovski vs. Lopes,04/12/2025,"Miami, Florida, USA"
13,UFC Fight Night: Emmett vs. Murphy,04/05/2025,"Las Vegas, Nevada, USA"
14,UFC Fight Night: Moreno vs. Erceg,03/29/2025,"Mexico City, Distrito Federal, Mexico"
15,UFC Fight Night: Edwards vs. Brady,03/22/2025,"London, England, United Kingdom"
16,UFC Fight Night: Vettori vs. Dolidze 2,03/15/2025,"Las Vegas, Nevada, USA"
17,UFC 313: Pereira vs. Ankalaev,03/08/2025,"Las Vegas, Nevada, USA"
18,UFC Fight Night: Kape vs. Almabayev,03/01/2025,"Las Vegas, Nevada, USA"
19,UFC Fight Night: Cejudo vs. Song,02/22/2025,"Seattle, Washington, USA"
20,UFC Fight Night: Cannonier vs. Rodrigues,02/15/2025,"Las Vegas, Nevada, USA"
21,UFC 312: Du Plessis vs. Strickland 2,02/08/2025,"Sydney, New South Wales, Australia"
22,UFC Fight Night: Adesanya vs. Imavov,02/01/2025,"Riyadh, Riyadh, Saudi Arabia"
23,UFC 311: Makhachev vs. Moicano,01/18/2025,"Inglewood, California, USA"
24,UFC Fight Night: Dern vs. Ribas 2,01/11/2025,"Las Vegas, Nevada, USA"
25,UFC Fight Night: Covington vs. Buckley,12/14/2024,"Tampa, Florida, USA"
26,UFC 310: Pantoja vs. Asakura,12/07/2024,"Las Vegas, Nevada, USA"
27,UFC Fight Night: Yan vs. Figueiredo,11/23/2024,"Macau, China"
28,UFC 309: Jones vs. Miocic,11/16/2024,"New York City, New York, USA"
29,UFC Fight Night: Magny vs. Prates,11/09/2024,"Las Vegas, Nevada, USA"
30,UFC Fight Night: Moreno vs. Albazi,11/02/2024,"Edmonton, Alberta, Canada"
31,UFC 308: Topuria vs. Holloway,10/26/2024,"Abu Dhabi, Abu Dhabi, United Arab Emirates"
32,UFC Fight Night: Hernandez vs. Pereira,10/19/2024,"Las Vegas, Nevada, USA"
33,UFC Fight Night: Royval vs. Taira,10/12/2024,"Las Vegas, Nevada, USA"
34,UFC 307: Pereira vs. Rountree Jr.,10/05/2024,"Salt Lake City, Utah, USA"
35,UFC Fight Night: Moicano vs. Saint Denis,09/28/2024,"Paris, Ile-de-France, France"
36,UFC 306: Riyadh Season Noche UFC,09/14/2024,"Las Vegas, Nevada, USA"
37,UFC Fight Night: Burns vs. Brady,09/07/2024,"Las Vegas, Nevada, USA"
38,UFC Fight Night: Cannonier vs. Borralho,08/24/2024,"Las Vegas, Nevada, USA"
39,UFC 305: Du Plessis vs. Adesanya,08/17/2024,"Perth, Western Australia, Australia"
40,UFC Fight Night: Tybura vs. Spivac 2,08/10/2024,"Las Vegas, Nevada, USA"
41,UFC Fight Night: Sandhagen vs. Nurmagomedov,08/03/2024,"Abu Dhabi, Abu Dhabi, United Arab Emirates"
42,UFC 304: Edwards vs. Muhammad 2,07/27/2024,"Manchester, England, United Kingdom"
43,UFC Fight Night: Lemos vs. Jandiroba,07/20/2024,"Las Vegas, Nevada, USA"
44,UFC Fight Night: Namajunas vs. Cortez,07/13/2024,"Denver, Colorado, USA"
45,UFC 303: Pereira vs. Prochazka 2,06/29/2024,"Las Vegas, Nevada, USA"
46,UFC Fight Night: Whittaker vs. Aliskerov,06/22/2024,"Riyadh, Riyadh, Saudi Arabia"
47,UFC Fight Night: Perez vs. Taira,06/15/2024,"Las Vegas, Nevada, USA"
48,UFC Fight Night: Cannonier vs. Imavov,06/08/2024,"Louisville, Kentucky, USA"
49,UFC 302: Makhachev vs. Poirier,06/01/2024,"Newark, New Jersey, USA"
50,UFC Fight Night: Barboza vs. Murphy,05/18/2024,"Las Vegas, Nevada, USA"
51,UFC Fight Night: Lewis vs. Nascimento,05/11/2024,"St. Louis, Missouri, USA"
52,UFC 301: Pantoja vs. Erceg,05/04/2024,"Rio de Janeiro, Rio de Janeiro, Brazil"
53,UFC Fight Night: Nicolau vs. Perez,04/27/2024,"Las Vegas, Nevada, USA"
54,UFC 300: Pereira vs. Hill,04/13/2024,"Las Vegas, Nevada, USA"
55,UFC Fight Night: Allen vs. Curtis 2,04/06/2024,"Las Vegas, Nevada, USA"
56,UFC Fight Night: Blanchfield vs. Fiorot,03/30/2024,"Atlantic City, New Jersey, USA"
57,UFC Fight Night: Ribas vs. Namajunas,03/23/2024,"Las Vegas, Nevada, USA"
58,UFC Fight Night: Tuivasa vs. Tybura,03/16/2024,"Las Vegas, Nevada, USA"
59,UFC 299: O'Malley vs. Vera 2,03/09/2024,"Miami, Florida, USA"
60,UFC Fight Night: Rozenstruik vs. Gaziev,03/02/2024,"Las Vegas, Nevada, USA"
61,UFC Fight Night: Moreno vs. Royval 2,02/24/2024,"Mexico City, Distrito Federal, Mexico"
62,UFC 298: Volkanovski vs. Topuria,02/17/2024,"Anaheim, California, USA"
63,UFC Fight Night: Hermansson vs. Pyfer,02/10/2024,"Las Vegas, Nevada, USA"
64,UFC Fight Night: Dolidze vs. Imavov,02/03/2024,"Las Vegas, Nevada, USA"
65,UFC 297: Strickland vs. Du Plessis,01/20/2024,"Toronto, Ontario, Canada"
66,UFC Fight Night: Ankalaev vs. Walker 2,01/13/2024,"Las Vegas, Nevada, USA"
67,UFC 296: Edwards vs. Covington,12/16/2023,"Las Vegas, Nevada, USA"
68,UFC Fight Night: Song vs. Gutierrez,12/09/2023,"Las Vegas, Nevada, USA"
69,UFC Fight Night: Dariush vs. Tsarukyan,12/02/2023,"Austin, Texas, USA"
70,UFC Fight Night: Allen vs. Craig,11/18/2023,"Las Vegas, Nevada, USA"
71,UFC 295: Prochazka vs. Pereira,11/11/2023,"New York City, New York, USA"
72,UFC Fight Night: Almeida vs. Lewis,11/04/2023,"Sao Paulo, Sao Paulo, Brazil"
73,UFC 294: Makhachev vs. Volkanovski 2,10/21/2023,"Abu Dhabi, Abu Dhabi, United Arab Emirates"
74,UFC Fight Night: Yusuff vs. Barboza,10/14/2023,"Las Vegas, Nevada, USA"
75,UFC Fight Night: Dawson vs. Green,10/07/2023,"Las Vegas, Nevada, USA"
76,UFC Fight Night: Fiziev vs. Gamrot,09/23/2023,"Las Vegas, Nevada, USA"
77,UFC Fight Night: Grasso vs. Shevchenko 2,09/16/2023,"Las Vegas, Nevada, USA"
78,UFC 293: Adesanya vs. Strickland,09/09/2023,"Sydney, New South Wales, Australia"
79,UFC Fight Night: Gane vs. Spivac,09/02/2023,"Paris, Ile-de-France, France"
80,UFC Fight Night: Holloway vs. The Korean Zombie,08/26/2023,"Kallang, Singapore"
81,UFC 292: Sterling vs. O'Malley,08/19/2023,"Boston, Massachusetts, USA"
82,UFC Fight Night: Luque vs. Dos Anjos,08/12/2023,"Las Vegas, Nevada, USA"
83,UFC Fight Night: Sandhagen vs. Font,08/05/2023,"Nashville, Tennessee, USA"
84,UFC 291: Poirier vs. Gaethje 2,07/29/2023,"Salt Lake City, Utah, USA"
85,UFC Fight Night: Aspinall vs. Tybura,07/22/2023,"London, England, United Kingdom"
86,UFC Fight Night: Holm vs. Bueno Silva,07/15/2023,"Las Vegas, Nevada, USA"
87,UFC 290: Volkanovski vs. Rodriguez,07/08/2023,"Las Vegas, Nevada, USA"
88,UFC Fight Night: Strickland vs. Magomedov,07/01/2023,"Las Vegas, Nevada, USA"
89,UFC Fight Night: Emmett vs. Topuria,06/24/2023,"Jacksonville, Florida, USA"
90,UFC Fight Night: Vettori vs. Cannonier,06/17/2023,"Las Vegas, Nevada, USA"
91,UFC 289: Nunes vs. Aldana,06/10/2023,"Vancouver, British Columbia, Canada"
92,UFC Fight Night: Kara-France vs. Albazi,06/03/2023,"Las Vegas, Nevada, USA"
93,UFC Fight Night: Dern vs. Hill,05/20/2023,"Las Vegas, Nevada, USA"
94,UFC Fight Night: Rozenstruik vs. Almeida,05/13/2023,"Charlotte, North Carolina, USA"
95,UFC 288: Sterling vs. Cejudo,05/06/2023,"Newark, New Jersey, USA"
96,UFC Fight Night: Song vs. Simon,04/29/2023,"Las Vegas, Nevada, USA"
97,UFC Fight Night: Pavlovich vs. Blaydes,04/22/2023,"Las Vegas, Nevada, USA"
98,UFC Fight Night: Holloway vs. Allen,04/15/2023,"Kansas City, Missouri, USA"
99,UFC 287: Pereira vs. Adesanya 2,04/08/2023,"Miami, Florida, USA"
100,UFC Fight Night: Vera vs. Sandhagen,03/25/2023,"San Antonio, Texas, USA"
101,UFC 286: Edwards vs. Usman 3,03/18/2023,"London, England, United Kingdom"
102,UFC Fight Night: Yan vs. Dvalishvili,03/11/2023,"Las Vegas, Nevada, USA"
103,UFC 285: Jones vs. Gane,03/04/2023,"Las Vegas, Nevada, USA"
104,UFC Fight Night: Muniz vs. Allen,02/25/2023,"Las Vegas, Nevada, USA"
105,UFC Fight Night: Andrade vs. Blanchfield,02/18/2023,"Las Vegas, Nevada, USA"
106,UFC 284: Makhachev vs. Volkanovski,02/11/2023,"Perth, Western Australia, Australia"
107,UFC Fight Night: Lewis vs. Spivac,02/04/2023,"Las Vegas, Nevada, USA"
108,UFC 283: Teixeira vs. Hill,01/21/2023,"Rio de Janeiro, Rio de Janeiro, Brazil"
109,UFC Fight Night: Strickland vs. Imavov,01/14/2023,"Las Vegas, Nevada, USA"
110,UFC Fight Night: Cannonier vs. Strickland,12/17/2022,"Las Vegas, Nevada, USA"
111,UFC 282: Blachowicz vs. Ankalaev,12/10/2022,"Las Vegas, Nevada, USA"
112,UFC Fight Night: Thompson vs. Holland,12/03/2022,"Orlando, Florida, USA"
113,UFC Fight Night: Nzechukwu vs. Cutelaba,11/19/2022,"Las Vegas, Nevada, USA"
114,UFC 281: Adesanya vs. Pereira,11/12/2022,"New York City, New York, USA"
115,UFC Fight Night: Rodriguez vs. Lemos,11/05/2022,"Las Vegas, Nevada, USA"
116,UFC Fight Night: Kattar vs. Allen,10/29/2022,"Las Vegas, Nevada, USA"
117,UFC 280: Oliveira vs. Makhachev,10/22/2022,"Abu Dhabi, Abu Dhabi, United Arab Emirates"
118,UFC Fight Night: Grasso vs. Araujo,10/15/2022,"Las Vegas, Nevada, USA"
119,UFC Fight Night: Dern vs. Yan,10/01/2022,"Las Vegas, Nevada, USA"
120,UFC Fight Night: Sandhagen vs. Song,09/17/2022,"Las Vegas, Nevada, USA"
121,UFC 279: Diaz vs. Ferguson,09/10/2022,"Las Vegas, Nevada, USA"
122,UFC Fight Night: Gane vs. Tuivasa,09/03/2022,"Paris, Ile-de-France, France"
123,UFC 278: Usman vs. Edwards,08/20/2022,"Salt Lake City, Utah, USA"
124,UFC Fight Night: Vera vs. Cruz,08/13/2022,"San Diego, California, USA"
125,UFC Fight Night: Santos vs. Hill,08/06/2022,"Las Vegas, Nevada, USA"
126,UFC 277: Pena vs. Nunes 2,07/30/2022,"Dallas, Texas, USA"
127,UFC Fight Night: Blaydes vs. Aspinall,07/23/2022,"London, England, United Kingdom"
128,UFC Fight Night: Ortega vs. Rodriguez,07/16/2022,"Elmont, New York, USA"
129,UFC Fight Night: Dos Anjos vs. Fiziev,07/09/2022,"Las Vegas, Nevada, USA"
130,UFC 276: Adesanya vs. Cannonier,07/02/2022,"Las Vegas, Nevada, USA"
131,UFC Fight Night: Tsarukyan vs. Gamrot,06/25/2022,"Las Vegas, Nevada, USA"
132,UFC Fight Night: Kattar vs. Emmett,06/18/2022,"Austin, Texas, USA"
133,UFC 275: Teixeira vs. Prochazka,06/11/2022,"Kallang, Singapore"
134,UFC Fight Night: Volkov vs. Rozenstruik,06/04/2022,"Las Vegas, Nevada, USA"
135,UFC Fight Night: Holm vs. Vieira,05/21/2022,"Las Vegas, Nevada, USA"
136,UFC Fight Night: Blachowicz vs. Rakic,05/14/2022,"Las Vegas, Nevada, USA"
137,UFC 274: Oliveira vs. Gaethje,05/07/2022,"Phoenix, Arizona, USA"
138,UFC Fight Night: Font vs. Vera,04/30/2022,"Las Vegas, Nevada, USA"
139,UFC Fight Night: Lemos vs. Andrade,04/23/2022,"Las Vegas, Nevada, USA"
140,UFC Fight Night: Luque vs. Muhammad,04/16/2022,"Las Vegas, Nevada, USA"
141,UFC 273: Volkanovski vs. The Korean Zombie,04/09/2022,"Jacksonville, Florida, USA"
142,UFC Fight Night: Blaydes vs. Daukaus,03/26/2022,"Columbus, Ohio, USA"
143,UFC Fight Night: Volkov vs. Aspinall,03/19/2022,"London, England, United Kingdom"
144,UFC Fight Night: Santos vs. Ankalaev,03/12/2022,"Las Vegas, Nevada, USA"
145,UFC 272: Covington vs. Masvidal,03/05/2022,"Las Vegas, Nevada, USA"
146,UFC Fight Night: Makhachev vs. Green,02/26/2022,"Las Vegas, Nevada, USA"
147,UFC Fight Night: Walker vs. Hill,02/19/2022,"Las Vegas, Nevada, USA"
148,UFC 271: Adesanya vs. Whittaker 2,02/12/2022,"Houston, Texas, USA"
149,UFC Fight Night: Hermansson vs. Strickland,02/05/2022,"Las Vegas, Nevada, USA"
150,UFC 270: Ngannou vs. Gane,01/22/2022,"Anaheim, California, USA"
151,UFC Fight Night: Kattar vs. Chikadze,01/15/2022,"Las Vegas, Nevada, USA"
152,UFC Fight Night: Lewis vs. Daukaus,12/18/2021,"Las Vegas, Nevada, USA"
153,UFC 269: Oliveira vs. Poirier,12/11/2021,"Las Vegas, Nevada, USA"
154,UFC Fight Night: Font vs. Aldo,12/04/2021,"Las Vegas, Nevada, USA"
155,UFC Fight Night: Vieira vs. Tate,11/20/2021,"Las Vegas, Nevada, USA"
156,UFC Fight Night: Holloway vs. Rodriguez,11/13/2021,"Las Vegas, Nevada, USA"
157,UFC 268: Usman vs. Covington 2,11/06/2021,"New York City, New York, USA"
158,UFC 267: Blachowicz vs. Teixeira,10/30/2021,"Abu Dhabi, Abu Dhabi, United Arab Emirates"
159,UFC Fight Night: Costa vs. Vettori,10/23/2021,"Las Vegas, Nevada, USA"
160,UFC Fight Night: Ladd vs. Dumont,10/16/2021,"Las Vegas, Nevada, USA"
161,UFC Fight Night: Dern vs. Rodriguez,10/09/2021,"Las Vegas, Nevada, USA"
162,UFC Fight Night: Santos vs. Walker,10/02/2021,"Las Vegas, Nevada, USA"
163,UFC 266: Volkanovski vs. Ortega,09/25/2021,"Las Vegas, Nevada, USA"
164,UFC Fight Night: Smith vs. Spann,09/18/2021,"Las Vegas, Nevada, USA"
165,UFC Fight Night: Brunson vs. Till,09/04/2021,"Las Vegas, Nevada, USA"
166,UFC Fight Night: Barboza vs. Chikadze,08/28/2021,"Las Vegas, Nevada, USA"
167,UFC Fight Night: Cannonier vs. Gastelum,08/21/2021,"Las Vegas, Nevada, USA"
168,UFC 265: Lewis vs. Gane,08/07/2021,"Houston, Texas, USA"
169,UFC Fight Night: Hall vs. Strickland,07/31/2021,"Las Vegas, Nevada, USA"
170,UFC Fight Night: Sandhagen vs. Dillashaw,07/24/2021,"Las Vegas, Nevada, USA"
171,UFC Fight Night: Makhachev vs. Moises,07/17/2021,"Las Vegas, Nevada, USA"
172,UFC 264: Poirier vs. McGregor 3,07/10/2021,"Las Vegas, Nevada, USA"
173,UFC Fight Night: Gane vs. Volkov,06/26/2021,"Las Vegas, Nevada, USA"
174,UFC Fight Night: Jung vs. Ige,06/19/2021,"Las Vegas, Nevada, USA"
175,UFC 263: Adesanya vs. Vettori 2,06/12/2021,"Glendale, Arizona, USA"
176,UFC Fight Night: Rozenstruik vs. Sakai,06/05/2021,"Las Vegas, Nevada, USA"
177,UFC Fight Night: Font vs. Garbrandt,05/22/2021,"Las Vegas, Nevada, USA"
178,UFC 262: Oliveira vs. Chandler,05/15/2021,"Houston, Texas, USA"
179,UFC Fight Night: Rodriguez vs. Waterson,05/08/2021,"Las Vegas, Nevada, USA"
180,UFC Fight Night: Reyes vs. Prochazka,05/01/2021,"Las Vegas, Nevada, USA"
181,UFC 261: Usman vs. Masvidal 2,04/24/2021,"Jacksonville, Florida, USA"
182,UFC Fight Night: Whittaker vs. Gastelum,04/17/2021,"Las Vegas, Nevada, USA"
183,UFC Fight Night: Vettori vs. Holland,04/10/2021,"Las Vegas, Nevada, USA"
184,UFC 260: Miocic vs. Ngannou,03/27/2021,"Las Vegas, Nevada, USA"
185,UFC Fight Night: Brunson vs. Holland,03/20/2021,"Las Vegas, Nevada, USA"
186,UFC Fight Night: Edwards vs. Muhammad,03/13/2021,"Las Vegas, Nevada, USA"
187,UFC 259: Blachowicz vs. Adesanya,03/06/2021,"Las Vegas, Nevada, USA"
188,UFC Fight Night: Rozenstruik vs. Gane,02/27/2021,"Las Vegas, Nevada, USA"
189,UFC Fight Night: Blaydes vs. Lewis,02/20/2021,"Las Vegas, Nevada, USA"
190,UFC 258: Usman vs. Burns,02/13/2021,"Las Vegas, Nevada, USA"
191,UFC Fight Night: Overeem vs. Volkov,02/06/2021,"Las Vegas, Nevada, USA"
192,UFC 257: Poirier vs. McGregor,01/23/2021,"Abu Dhabi, Abu Dhabi, United Arab Emirates"
193,UFC Fight Night: Chiesa vs. Magny,01/20/2021,"Abu Dhabi, Abu Dhabi, United Arab Emirates"
194,UFC Fight Night: Holloway vs. Kattar,01/16/2021,"Abu Dhabi, Abu Dhabi, United Arab Emirates"
195,UFC Fight Night: Thompson vs. Neal,12/19/2020,"Las Vegas, Nevada, USA"
196,UFC 256: Figueiredo vs. Moreno,12/12/2020,"Las Vegas, Nevada, USA"
197,UFC Fight Night: Hermansson vs. Vettori,12/05/2020,"Las Vegas, Nevada, USA"
198,UFC Fight Night: Smith vs. Clark,11/28/2020,"Las Vegas, Nevada, USA"
199,UFC 255: Figueiredo vs. Perez,11/21/2020,"Las Vegas, Nevada, USA"
200,UFC Fight Night: Felder vs. Dos Anjos,11/14/2020,"Las Vegas, Nevada, USA"
201,UFC Fight Night: Santos vs. Teixeira,11/07/2020,"Las Vegas, Nevada, USA"
202,UFC Fight Night: Hall vs. Silva,10/31/2020,"Las Vegas, Nevada, USA"
203,UFC 254: Khabib vs. Gaethje,10/24/2020,"Abu Dhabi, Abu Dhabi, United Arab Emirates"
204,UFC Fight Night: Ortega vs. The Korean Zombie,10/17/2020,"Abu Dhabi, Abu Dhabi, United Arab Emirates"
205,UFC Fight Night: Moraes vs. Sandhagen,10/10/2020,"Abu Dhabi, Abu Dhabi, United Arab Emirates"
206,UFC Fight Night: Holm vs. Aldana,10/03/2020,"Abu Dhabi, Abu Dhabi, United Arab Emirates"
207,UFC 253: Adesanya vs. Costa,09/26/2020,"Abu Dhabi, Abu Dhabi, United Arab Emirates"
208,UFC Fight Night: Covington vs. Woodley,09/19/2020,"Las Vegas, Nevada, USA"
209,UFC Fight Night: Waterson vs. Hill,09/12/2020,"Las Vegas, Nevada, USA"
210,UFC Fight Night: Overeem vs. Sakai,09/05/2020,"Las Vegas, Nevada, USA"
211,UFC Fight Night: Smith vs. Rakic,08/29/2020,"Las Vegas, Nevada, USA"
212,UFC Fight Night: Munhoz vs. Edgar,08/22/2020,"Las Vegas, Nevada, USA"
213,UFC 252: Miocic vs. Cormier 3,08/15/2020,"Las Vegas, Nevada, USA"
214,UFC Fight Night: Lewis vs. Oleinik,08/08/2020,"Las Vegas, Nevada, USA"
215,UFC Fight Night: Brunson vs. Shahbazyan,08/01/2020,"Las Vegas, Nevada, USA"
216,UFC Fight Night: Whittaker vs. Till,07/25/2020,"Abu Dhabi, Abu Dhabi, United Arab Emirates"
217,UFC Fight Night: Figueiredo vs. Benavidez 2,07/18/2020,"Abu Dhabi, Abu Dhabi, United Arab Emirates"
218,UFC Fight Night: Kattar vs. Ige,07/15/2020,"Abu Dhabi, Abu Dhabi, United Arab Emirates"
219,UFC 251: Usman vs. Masvidal,07/11/2020,"Abu Dhabi, Abu Dhabi, United Arab Emirates"
220,UFC Fight Night: Poirier vs. Hooker,06/27/2020,"Las Vegas, Nevada, USA"
221,UFC Fight Night: Blaydes vs. Volkov,06/20/2020,"Las Vegas, Nevada, USA"
222,UFC Fight Night: Eye vs. Calvillo,06/13/2020,"Las Vegas, Nevada, USA"
223,UFC 250: Nunes vs. Spencer,06/06/2020,"Las Vegas, Nevada, USA"
224,UFC Fight Night: Woodley vs. Burns,05/30/2020,"Las Vegas, Nevada, USA"
225,UFC Fight Night: Overeem vs. Harris,05/16/2020,"Jacksonville, Florida, USA"
226,UFC Fight Night: Smith vs. Teixeira,05/13/2020,"Jacksonville, Florida, USA"
227,UFC 249: Ferguson vs. Gaethje,05/09/2020,"Jacksonville, Florida, USA"
228,UFC Fight Night: Lee vs. Oliveira,03/14/2020,"Brasilia, Distrito Federal, Brazil"
229,UFC 248: Adesanya vs. Romero,03/07/2020,"Las Vegas, Nevada, USA"
230,UFC Fight Night: Benavidez vs. Figueiredo,02/29/2020,"Norfolk, Virginia, USA"
231,UFC Fight Night: Felder vs. Hooker,02/22/2020,"Auckland, New Zealand"
232,UFC Fight Night: Anderson vs. Blachowicz,02/15/2020,"Rio Rancho, New Mexico, USA"
233,UFC 247: Jones vs. Reyes,02/08/2020,"Houston, Texas, USA"
234,UFC Fight Night: Blaydes vs. Dos Santos,01/25/2020,"Raleigh, North Carolina, USA"
235,UFC 246: McGregor vs. Cowboy,01/18/2020,"Las Vegas, Nevada, USA"
236,UFC Fight Night: Edgar vs. The Korean Zombie,12/21/2019,"Busan, South Korea"
237,UFC 245: Usman vs. Covington,12/14/2019,"Las Vegas, Nevada, USA"
238,UFC Fight Night: Overeem vs. Rozenstruik,12/07/2019,"Washington, DC, USA"
239,UFC Fight Night: Blachowicz vs. Jacare,11/16/2019,"Sao Paulo, Sao Paulo, Brazil"
240,UFC Fight Night: Zabit vs. Kattar,11/09/2019,"Moscow, Moscow, Russia"
241,UFC 244: Masvidal vs. Diaz,11/02/2019,"New York City, New York, USA"
242,UFC Fight Night: Maia vs. Askren,10/26/2019,"Kallang, Singapore"
243,UFC Fight Night: Reyes vs. Weidman,10/18/2019,"Boston, Massachusetts, USA"
244,UFC Fight Night: Joanna vs. Waterson,10/12/2019,"Tampa, Florida, USA"
245,UFC 243: Whittaker vs. Adesanya,10/05/2019,"Melbourne, Victoria, Australia"
246,UFC Fight Night: Hermansson vs. Cannonier,09/28/2019,"Copenhagen, Denmark"
247,UFC Fight Night: Rodriguez vs. Stephens,09/21/2019,"Mexico City, Distrito Federal, Mexico"
248,UFC Fight Night: Cowboy vs. Gaethje,09/14/2019,"Vancouver, British Columbia, Canada"
249,UFC 242: Khabib vs. Poirier,09/07/2019,"Abu Dhabi, Abu Dhabi, United Arab Emirates"
250,UFC Fight Night: Andrade vs. Zhang,08/31/2019,"Shenzhen, Guangdong, China"
251,UFC 241: Cormier vs. Miocic 2,08/17/2019,"Anaheim, California, USA"
252,UFC Fight Night: Shevchenko vs. Carmouche 2,08/10/2019,"Montevideo, Uruguay"
253,UFC Fight Night: Covington vs. Lawler,08/03/2019,"Newark, New Jersey, USA"
254,UFC 240: Holloway vs. Edgar,07/27/2019,"Edmonton, Alberta, Canada"
255,UFC Fight Night: Dos Anjos vs. Edwards,07/20/2019,"San Antonio, Texas, USA"
256,UFC Fight Night: De Randamie vs. Ladd,07/13/2019,"Sacramento, California, USA"
257,UFC 239: Jones vs. Santos,07/06/2019,"Las Vegas, Nevada, USA"
258,UFC Fight Night: Ngannou vs. Dos Santos,06/29/2019,"Minneapolis, Minnesota, USA"
259,UFC Fight Night: Moicano vs. The Korean Zombie,06/22/2019,"Greenville, South Carolina, USA"
260,UFC 238: Cejudo vs. Moraes,06/08/2019,"Chicago, Illinois, USA"
261,UFC Fight Night: Gustafsson vs. Smith,06/01/2019,"Stockholm, Sweden"
262,UFC Fight Night: Dos Anjos vs. Lee,05/18/2019,"Rochester, New York, USA"
263,UFC 237: Namajunas vs. Andrade,05/11/2019,"Rio de Janeiro, Rio de Janeiro, Brazil"
264,UFC Fight Night: Iaquinta vs. Cowboy,05/04/2019,"Ottawa, Ontario, Canada"
265,UFC Fight Night: Jacare vs. Hermansson,04/27/2019,"Sunrise, Florida, USA"
266,UFC Fight Night: Overeem vs. Oleinik,04/20/2019,"Saint Petersburg, Saint Petersburg, Russia"
267,UFC 236: Holloway vs. Poirier 2,04/13/2019,"Atlanta, Georgia, USA"
268,UFC Fight Night: Barboza vs. Gaethje,03/30/2019,"Philadelphia, Pennsylvania, USA"
269,UFC Fight Night: Thompson vs. Pettis,03/23/2019,"Nashville, Tennessee, USA"
270,UFC Fight Night: Till vs. Masvidal,03/16/2019,"London, England, United Kingdom"
271,UFC Fight Night: Lewis vs. Dos Santos,03/09/2019,"Wichita, Kansas, USA"
272,UFC 235: Jones vs. Smith,03/02/2019,"Las Vegas, Nevada, USA"
273,UFC Fight Night: Blachowicz vs. Santos,02/23/2019,"Prague, Czech Republic"
274,UFC Fight Night: Ngannou vs. Velasquez,02/17/2019,"Phoenix, Arizona, USA"
275,UFC 234: Adesanya vs. Silva,02/09/2019,"Melbourne, Victoria, Australia"
276,UFC Fight Night: Assuncao vs. Moraes 2,02/02/2019,"Fortaleza, Ceara, Brazil"
277,UFC Fight Night: Cejudo vs. Dillashaw,01/19/2019,"Brooklyn, New York, USA"
278,UFC 232: Jones vs. Gustafsson 2,12/29/2018,"Los Angeles, California, USA"
279,UFC Fight Night: Lee vs. Iaquinta,12/15/2018,"Milwaukee, Wisconsin, USA"
280,UFC 231: Holloway vs. Ortega,12/08/2018,"Toronto, Ontario, Canada"
281,UFC Fight Night: Dos Santos vs. Tuivasa,12/01/2018,"Adelaide, South Australia, Australia"
282,The Ultimate Fighter: Heavy Hitters Finale,11/30/2018,"Las Vegas, Nevada, USA"
283,UFC Fight Night: Blaydes vs. Ngannou 2,11/24/2018,"Beijing, China"
284,UFC Fight Night: Magny vs. Ponzinibbio,11/17/2018,"Buenos Aires, Buenos Aires, Argentina"
285,UFC Fight Night: Korean Zombie vs. Rodriguez,11/10/2018,"Denver, Colorado, USA"
286,UFC 230: Cormier vs. Lewis,11/03/2018,"New York City, New York, USA"
287,UFC Fight Night: Oezdemir vs. Smith,10/27/2018,"Moncton, New Brunswick, Canada"
288,UFC 229: Khabib vs. McGregor,10/06/2018,"Las Vegas, Nevada, USA"
289,UFC Fight Night: Marreta vs. Anders,09/22/2018,"Sao Paulo, Sao Paulo, Brazil"
290,UFC Fight Night: Hunt vs. Oleinik,09/15/2018,"Moscow, Moscow, Russia"
291,UFC 228: Woodley vs. Till,09/08/2018,"Dallas, Texas, USA"
292,UFC Fight Night: Gaethje vs. Vick,08/25/2018,"Lincoln, Nebraska, USA"
293,UFC 227: Dillashaw vs. Garbrandt 2,08/04/2018,"Los Angeles, California, USA"
294,UFC Fight Night: Alvarez vs. Poirier 2,07/28/2018,"Calgary, Alberta, Canada"
295,UFC Fight Night: Shogun vs. Smith,07/22/2018,"Hamburg, Hamburg, Germany"
296,UFC Fight Night: Dos Santos vs. Ivanov,07/14/2018,"Boise, Idaho, USA"
297,UFC 226: Miocic vs. Cormier,07/07/2018,"Las Vegas, Nevada, USA"
298,The Ultimate Fighter: Undefeated Finale,07/06/2018,"Las Vegas, Nevada, USA"
299,UFC Fight Night: Cowboy vs. Edwards,06/23/2018,"Kallang, Singapore"
300,UFC 225: Whittaker vs. Romero 2,06/09/2018,"Chicago, Illinois, USA"
301,UFC Fight Night: Rivera vs. Moraes,06/01/2018,"Utica, New York, USA"
302,UFC Fight Night: Thompson vs. Till,05/27/2018,"Liverpool, England, United Kingdom"
303,UFC Fight Night: Maia vs. Usman,05/19/2018,"Santiago, Chile"
304,UFC 224: Nunes vs. Pennington,05/12/2018,"Rio de Janeiro, Rio de Janeiro, Brazil"
305,UFC Fight Night: Barboza vs. Lee,04/21/2018,"Atlantic City, New Jersey, USA"
306,UFC Fight Night: Poirier vs. Gaethje,04/14/2018,"Glendale, Arizona, USA"
307,UFC 223: Khabib vs. Iaquinta,04/07/2018,"Brooklyn, New York, USA"
308,UFC Fight Night: Werdum vs. Volkov,03/17/2018,"London, England, United Kingdom"
309,UFC 222: Cyborg vs. Kunitskaya,03/03/2018,"Las Vegas, Nevada, USA"
310,UFC Fight Night: Emmett vs. Stephens,02/24/2018,"Orlando, Florida, USA"
311,UFC Fight Night: Cerrone vs. Medeiros,02/18/2018,"Austin, Texas, USA"
312,UFC 221: Romero vs. Rockhold,02/10/2018,"Perth, Western Australia, Australia"
313,UFC Fight Night: Machida vs. Anders,02/03/2018,"Belem, Para, Brazil"
314,UFC Fight Night: Jacare vs. Brunson 2,01/27/2018,"Charlotte, North Carolina, USA"
315,UFC 220: Miocic vs. Ngannou,01/20/2018,"Boston, Massachusetts, USA"
316,UFC Fight Night: Stephens vs. Choi,01/14/2018,"St. Louis, Missouri, USA"
317,UFC 219: Cyborg vs. Holm,12/30/2017,"Las Vegas, Nevada, USA"
318,UFC Fight Night: Lawler vs. Dos Anjos,12/16/2017,"Winnipeg, Manitoba, Canada"
319,UFC Fight Night: Swanson vs. Ortega,12/09/2017,"Fresno, California, USA"
320,UFC 218: Holloway vs. Aldo 2,12/02/2017,"Detroit, Michigan, USA"
321,The Ultimate Fighter: A New World Champion Finale,12/01/2017,"Las Vegas, Nevada, USA"
322,UFC Fight Night: Bisping vs. Gastelum,11/25/2017,"Shanghai, Hebei, China"
323,UFC Fight Night: Werdum vs. Tybura,11/18/2017,"Sydney, New South Wales, Australia"
324,UFC Fight Night: Poirier vs. Pettis,11/11/2017,"Norfolk, Virginia, USA"
325,UFC 217: Bisping vs. St-Pierre,11/04/2017,"New York City, New York, USA"
326,UFC Fight Night: Brunson vs. Machida,10/28/2017,"Sao Paulo, Sao Paulo, Brazil"
327,UFC Fight Night: Cerrone vs. Till,10/21/2017,"Gdansk, Poland"
328,UFC 216: Ferguson vs. Lee,10/07/2017,"Las Vegas, Nevada, USA"
329,UFC Fight Night: Saint Preux vs. Okami,09/22/2017,"Saitama, Saitama, Japan"
330,UFC Fight Night: Rockhold vs. Branch,09/16/2017,"Pittsburgh, Pennsylvania, USA"
331,UFC 215: Nunes vs Shevchenko 2,09/09/2017,"Edmonton, Alberta, Canada"
332,UFC Fight Night: Volkov vs. Struve,09/02/2017,"Rotterdam, Zuid-Holland, Netherlands"
333,UFC Fight Night: Pettis vs. Moreno,08/05/2017,"Mexico City, Distrito Federal, Mexico"
334,UFC 214: Cormier vs. Jones 2,07/29/2017,"Anaheim, California, USA"
335,UFC Fight Night: Weidman vs. Gastelum,07/22/2017,"Uniondale, New York, USA"
336,UFC Fight Night: Nelson vs. Ponzinibbio,07/16/2017,"Glasgow, Scotland, United Kingdom"
337,UFC 213: Romero vs. Whittaker,07/08/2017,"Las Vegas, Nevada, USA"
338,The Ultimate Fighter: Redemption Finale,07/07/2017,"Las Vegas, Nevada, USA"
339,UFC Fight Night: Chiesa vs. Lee,06/25/2017,"Oklahoma City, Oklahoma, USA"
340,UFC Fight Night: Holm vs. Correia,06/17/2017,"Kallang, Singapore"
341,UFC Fight Night: Lewis vs. Hunt,06/10/2017,"Auckland, New Zealand"
342,UFC 212: Aldo vs. Holloway,06/03/2017,"Rio de Janeiro, Rio de Janeiro, Brazil"
343,UFC Fight Night: Gustafsson vs. Teixeira,05/28/2017,"Stockholm, Sweden"
344,UFC 211: Miocic vs. Dos Santos,05/13/2017,"Dallas, Texas, USA"
345,UFC Fight Night: Swanson vs. Lobov,04/22/2017,"Nashville, Tennessee, USA"
346,UFC on FOX: Johnson vs. Reis,04/15/2017,"Kansas City, Missouri, USA"
347,UFC 210: Cormier vs. Johnson 2,04/08/2017,"Buffalo, New York, USA"
348,UFC Fight Night: Manuwa vs. Anderson,03/18/2017,"London, England, United Kingdom"
349,UFC Fight Night: Belfort vs. Gastelum,03/11/2017,"Fortaleza, Ceara, Brazil"
350,UFC 209: Woodley vs. Thompson 2,03/04/2017,"Las Vegas, Nevada, USA"
351,UFC Fight Night: Lewis vs. Browne,02/19/2017,"Halifax, Nova Scotia, Canada"
352,UFC 208: Holm vs. De Randamie,02/11/2017,"Brooklyn, New York, USA"
353,UFC Fight Night: Bermudez vs. The Korean Zombie,02/04/2017,"Houston, Texas, USA"
354,UFC on FOX: Shevchenko vs. Pena,01/28/2017,"Denver, Colorado, USA"
355,UFC Fight Night: Rodriguez vs. Penn,01/15/2017,"Phoenix, Arizona, USA"
356,UFC 207: Nunes vs. Rousey,12/30/2016,"Las Vegas, Nevada, USA"
357,UFC on FOX: VanZant vs. Waterson,12/17/2016,"Sacramento, California, USA"
358,UFC 206: Holloway vs. Pettis,12/10/2016,"Toronto, Ontario, Canada"
359,UFC Fight Night: Lewis vs. Abdurakhimov,12/09/2016,"Albany, New York, USA"
360,The Ultimate Fighter: Tournament of Champions Finale,12/03/2016,"Las Vegas, Nevada, USA"
361,UFC Fight Night: Whittaker vs. Brunson,11/26/2016,"Melbourne, Victoria, Australia"
362,UFC Fight Night: Bader vs. Nogueira,11/19/2016,"Sao Paulo, Sao Paulo, Brazil"
363,UFC Fight Night: Mousasi vs. Hall 2,11/19/2016,"Belfast, Northern Ireland, United Kingdom"
364,UFC 205: Alvarez vs McGregor,11/12/2016,"New York City, New York, USA"
365,UFC Fight Night: Dos Anjos vs. Ferguson,11/05/2016,"Mexico City, Distrito Federal, Mexico"
366,UFC 204: Bisping vs. Henderson,10/08/2016,"Manchester, England, United Kingdom"
367,UFC Fight Night: Lineker vs. Dodson,10/01/2016,"Portland, Oregon, USA"
368,UFC Fight Night: Cyborg vs. Lansberg,09/24/2016,"Brasilia, Distrito Federal, Brazil"
369,UFC Fight Night: Poirier vs. Johnson,09/17/2016,"Hidalgo, Texas, USA"
370,UFC 203: Miocic vs. Overeem,09/10/2016,"Cleveland, Ohio, USA"
371,UFC Fight Night: Arlovski vs. Barnett,09/03/2016,"Hamburg, Hamburg, Germany"
372,UFC on FOX: Maia vs. Condit,08/27/2016,"Vancouver, British Columbia, Canada"
373,UFC 202: Diaz vs. McGregor 2,08/20/2016,"Las Vegas, Nevada, USA"
374,UFC Fight Night: Rodriguez vs. Caceres,08/06/2016,"Salt Lake City, Utah, USA"
375,UFC 201: Lawler vs. Woodley,07/30/2016,"Atlanta, Georgia, USA"
376,UFC on FOX: Holm vs. Shevchenko,07/23/2016,"Chicago, Illinois, USA"
377,UFC Fight Night: McDonald vs. Lineker,07/13/2016,"Sioux Falls, South Dakota, USA"
378,UFC 200: Tate vs Nunes,07/09/2016,"Las Vegas, Nevada, USA"
379,The Ultimate Fighter: Team Joanna vs. Team Cláudia Finale,07/08/2016,"Las Vegas, Nevada, USA"
380,UFC Fight Night: Dos Anjos vs. Alvarez,07/07/2016,"Las Vegas, Nevada, USA"
381,UFC Fight Night: MacDonald vs Thompson,06/18/2016,"Ottawa, Ontario, Canada"
382,UFC 199: Rockhold vs. Bisping 2,06/04/2016,"Los Angeles, California, USA"
383,UFC Fight Night: Almeida vs Garbrandt,05/29/2016,"Las Vegas, Nevada, USA"
384,UFC 198: Werdum vs Miocic,05/14/2016,"Curitiba, Parana, Brazil"
385,UFC Fight Night: Overeem vs Arlovski,05/08/2016,"Rotterdam, Zuid-Holland, Netherlands"
386,UFC 197: Jones vs Saint Preux,04/23/2016,"Las Vegas, Nevada, USA"
387,UFC on FOX: Teixeira vs Evans,04/16/2016,"Tampa, Florida, USA"
388,UFC Fight Night: Rothwell vs Dos Santos,04/10/2016,"Zagreb, Croatia"
389,UFC Fight Night: Hunt vs Mir,03/19/2016,"Brisbane, Queensland, Australia"
390,UFC 196: McGregor vs Diaz,03/05/2016,"Las Vegas, Nevada, USA"
391,UFC Fight Night: Silva vs Bisping,02/27/2016,"London, England, United Kingdom"
392,UFC Fight Night: Cowboy vs Cowboy,02/21/2016,"Pittsburgh, Pennsylvania, USA"
393,UFC Fight Night: Hendricks vs Thompson,02/06/2016,"Las Vegas, Nevada, USA"
394,UFC on FOX: Johnson vs. Bader,01/30/2016,"Newark, New Jersey, USA"
395,UFC Fight Night: Dillashaw vs Cruz,01/17/2016,"Boston, Massachusetts, USA"
396,UFC 195: Lawler vs Condit,01/02/2016,"Las Vegas, Nevada, USA"
397,UFC on FOX: Dos Anjos vs. Cowboy 2,12/19/2015,"Orlando, Florida, USA"
398,UFC 194: Aldo vs McGregor,12/12/2015,"Las Vegas, Nevada, USA"
399,The Ultimate Fighter: Team McGregor vs. Team Faber Finale,12/11/2015,"Las Vegas, Nevada, USA"
400,UFC Fight Night: Namajunas vs. VanZant,12/10/2015,"Las Vegas, Nevada, USA"
401,UFC Fight Night: Henderson vs Masvidal,11/28/2015,"Seoul, South Korea"
402,UFC Fight Night: Magny vs Gastelum,11/21/2015,"Monterrey, Nuevo Leon, Mexico"
403,UFC 193: Rousey vs Holm,11/14/2015,"Melbourne, Victoria, Australia"
404,UFC Fight Night: Belfort vs Henderson 3,11/07/2015,"Sao Paulo, Sao Paulo, Brazil"
405,UFC Fight Night: Holohan vs Smolka,10/24/2015,"Dublin, Leinster, Ireland"
406,UFC 192: Cormier vs Gustafsson,10/03/2015,"Houston, Texas, USA"
407,UFC Fight Night: Barnett vs Nelson,09/26/2015,"Saitama, Japan"
408,UFC 191: Johnson vs Dodson 2,09/05/2015,"Las Vegas, Nevada, USA"
409,UFC Fight Night: Holloway vs Oliveira,08/23/2015,"Saskatoon, Saskatchewan, Canada"
410,UFC Fight Night: Teixeira vs Saint Preux,08/08/2015,"Nashville, Tennessee, USA"
411,UFC 190: Rousey vs Correia,08/01/2015,"Rio de Janeiro, Rio de Janeiro, Brazil"
412,UFC on FOX: Dillashaw vs. Barao II,07/25/2015,"Chicago, Illinois, USA"
413,UFC Fight Night: Bisping vs Leites,07/18/2015,"Glasgow, Scotland, United Kingdom"
414,UFC Fight Night: Mir vs Duffee,07/15/2015,"San Diego, California, USA"
415,The Ultimate Fighter: American Top Team vs. Blackzilians Finale,07/12/2015,"Las Vegas, Nevada, USA"
416,UFC 189: Mendes vs McGregor,07/11/2015,"Las Vegas, Nevada, USA"
417,UFC Fight Night: Machida vs Romero,06/27/2015,"Hollywood, Florida, USA"
418,UFC Fight Night: Jedrzejczyk vs Penne,06/20/2015,"Berlin, Berlin, Germany"
419,UFC 188: Velasquez vs Werdum,06/13/2015,"Mexico City, Distrito Federal, Mexico"
420,UFC Fight Night: Boetsch vs Henderson,06/06/2015,"New Orleans, Louisiana, USA"
421,UFC Fight Night: Condit vs Alves,05/30/2015,"Goiania, Goias, Brazil"
422,UFC 187: Johnson vs Cormier,05/23/2015,"Las Vegas, Nevada, USA"
423,UFC Fight Night: Edgar vs Faber,05/16/2015,"Manila, Philippines"
424,UFC Fight Night: Miocic vs Hunt,05/09/2015,"Adelaide, South Australia, Australia"
425,UFC 186: Johnson vs Horiguchi,04/25/2015,"Montreal, Quebec, Canada"
426,UFC on FOX: Machida vs Rockhold,04/18/2015,"Newark, New Jersey, USA"
427,UFC Fight Night: Gonzaga vs Cro Cop 2,04/11/2015,"Krakow, Poland"
428,UFC Fight Night: Mendes vs Lamas,04/04/2015,"Fairfax, Virginia, USA"
429,UFC Fight Night: Maia vs LaFlare,03/21/2015,"Rio de Janeiro, Brazil"
430,UFC 185: Pettis vs Dos Anjos,03/14/2015,"Dallas, Texas, USA"
431,UFC 184: Rousey vs Zingano,02/28/2015,"Los Angeles, California, USA"
432,UFC Fight Night: Bigfoot vs Mir,02/22/2015,"Porto Alegre, Rio Grande do Sul, Brazil"
433,UFC Fight Night: Henderson vs Thatch,02/14/2015,"Broomfield, Colorado, USA"
434,UFC 183: Silva vs Diaz,01/31/2015,"Las Vegas, Nevada, USA"
435,UFC on FOX: Gustafsson vs Johnson,01/24/2015,"Stockholm, Sweden"
436,UFC Fight Night: McGregor vs Siver,01/18/2015,"Boston, Massachusetts, USA"
437,UFC 182: Jones vs Cormier,01/03/2015,"Las Vegas, Nevada, USA"
438,UFC Fight Night: Machida vs Dollaway,12/20/2014,"Barueri, Sao Paulo, Brazil"
439,UFC on FOX: Dos Santos vs Miocic,12/13/2014,"Phoenix, Arizona, USA"
440,The Ultimate Fighter: A Champion Will Be Crowned Finale,12/12/2014,"Las Vegas, Nevada, USA"
441,UFC 181: Hendricks vs Lawler II,12/06/2014,"Las Vegas, Nevada, USA"
442,UFC Fight Night: Edgar vs Swanson,11/22/2014,"Austin, Texas, USA"
443,UFC 180: Werdum vs Hunt,11/15/2014,"Mexico City, Distrito Federal, Mexico"
444,UFC Fight Night 56: Shogun vs Saint Preux,11/08/2014,"Uberlandia, Minas Gerais, Brazil"
445,UFC Fight Night: Rockhold vs Bisping,11/07/2014,"Sydney, New South Wales, Australia"
446,UFC 179: Aldo vs Mendes 2,10/25/2014,"Rio de Janeiro, Brazil"
447,UFC Fight Night: MacDonald vs Saffiedine,10/04/2014,"Halifax, Nova Scotia, Canada"
448,UFC Fight Night: Nelson vs Story,10/04/2014,"Stockholm, Sweden"
449,UFC 178: Johnson vs Cariaso,09/27/2014,"Las Vegas, Nevada, USA"
450,UFC Fight Night: Hunt vs Nelson,09/20/2014,"Saitama, Japan"
451,UFC Fight Night: Bigfoot vs Arlovski,09/13/2014,"Brasilia, Distrito Federal, Brazil"
452,UFC Fight Night: Jacare vs Mousasi,09/05/2014,"Ledyard, Connecticut, USA"
453,UFC 177: Dillashaw vs Soto,08/30/2014,"Sacramento, California, USA"
454,UFC Fight Night: Henderson vs Dos Anjos,08/23/2014,"Tulsa, Oklahoma, USA"
455,UFC Fight Night: Bisping vs Le,08/23/2014,"Macau, China"
456,UFC Fight Night: Bader vs Saint Preux,08/16/2014,"Bangor, Maine, USA"
457,UFC on FOX: Lawler vs Brown,07/26/2014,"San Jose, California, USA"
458,UFC Fight Night: McGregor vs Brandao,07/19/2014,"Dublin, Leinster, Ireland"
459,UFC Fight Night: Cowboy vs Miller,07/16/2014,"Atlantic City, New Jersey, USA"
460,The Ultimate Fighter: Team Edgar vs. Team Penn Finale,07/06/2014,"Las Vegas, Nevada, USA"
461,UFC 175: Weidman vs Machida,07/05/2014,"Las Vegas, Nevada, USA"
462,UFC Fight Night: Swanson vs Stephens,06/28/2014,"San Antonio, Texas, USA"
463,UFC Fight Night: Te Huna vs Marquardt,06/28/2014,"Auckland, New Zealand"
464,UFC 174: Johnson vs Bagautinov,06/14/2014,"Vancouver, British Columbia, Canada"
465,UFC Fight Night: Henderson vs Khabilov,06/07/2014,"Albuquerque, New Mexico, USA"
466,UFC Fight Night: Miocic vs Maldonado,05/31/2014,"Sao Paulo, Brazil"
467,UFC Fight Night: Munoz vs Mousasi,05/31/2014,"Berlin, Germany"
468,UFC 173: Barao vs Dillashaw,05/24/2014,"Las Vegas, Nevada, USA"
469,UFC Fight Night: Brown vs Silva,05/10/2014,"Cincinnati, Ohio, USA"
470,UFC 172: Jones vs Teixeira,04/26/2014,"Baltimore, Maryland, USA"
471,UFC on FOX: Werdum vs Browne,04/19/2014,"Orlando, Florida, USA"
472,UFC Fight Night: Bisping vs Kennedy,04/16/2014,"Quebec City, Quebec, Canada"
473,UFC Fight Night: Minotauro vs Nelson,04/11/2014,"Abu Dhabi, United Arab Emirates"
474,UFC Fight Night: Shogun vs Henderson 2,03/23/2014,"Natal, Rio Grande do Norte, Brazil"
475,UFC 171: Hendricks vs Lawler,03/15/2014,"Dallas, Texas, USA"
476,UFC Fight Night: Gustafsson vs Manuwa,03/08/2014,"London, England, United Kingdom"
477,UFC Fight Night: Kim vs Hathaway,03/01/2014,"Macau, China"
478,UFC 170: Rousey vs McMann,02/22/2014,"Las Vegas, Nevada, USA"
479,UFC Fight Night: Machida vs Mousasi,02/15/2014,"Jaragua do Sul, Santa Catarina, Brazil"
480,UFC 169: Barao vs Faber 2,02/01/2014,"Newark, New Jersey, USA"
481,UFC on FOX: Henderson vs Thomson,01/25/2014,"Chicago, Illinois, USA"
482,UFC Fight Night: Rockhold vs Philippou,01/15/2014,"Duluth, Georgia, USA"
483,UFC Fight Night: Saffiedine vs Lim,01/04/2014,"Singapore, Singapore"
484,UFC 168: Weidman vs Silva 2,12/28/2013,"Las Vegas, Nevada, USA"
485,UFC on FOX: Johnson vs. Benavidez 2,12/14/2013,"Sacramento, California, USA"
486,UFC Fight Night: Hunt vs Bigfoot,12/06/2013,"Brisbane, Queensland, Australia"
487,The Ultimate Fighter: Team Rousey vs. Team Tate Finale,11/30/2013,"Las Vegas, Nevada, USA"
488,UFC 167: St-Pierre vs Hendricks,11/16/2013,"Las Vegas, Nevada, USA"
489,UFC Fight Night: Belfort vs Henderson 2,11/09/2013,"Goiania, Goias, Brazil"
490,UFC Fight Night: Fight for the Troops 3,11/06/2013,"Fort Campbell, Kentucky, USA"
491,UFC Fight Night: Machida vs Munoz,10/26/2013,"Manchester, England, United Kingdom"
492,UFC 166: Velasquez vs Dos Santos 3,10/19/2013,"Houston, Texas, USA"
493,UFC Fight Night: Maia vs Shields,10/09/2013,"Barueri, Sao Paulo, Brazil"
494,UFC 165: Jones vs Gustafsson,09/21/2013,"Toronto, Ontario, Canada"
495,UFC Fight Night: Teixeira vs Bader,09/04/2013,"Belo Horizonte, Minas Gerais, Brazil"
496,UFC 164: Henderson vs Pettis 2,08/31/2013,"Milwaukee, Wisconsin, USA"
497,UFC Fight Night: Condit vs Kampmann 2,08/28/2013,"Indianapolis, Indiana, USA"
498,UFC Fight Night: Shogun vs Sonnen,08/17/2013,"Boston, Massachusetts, USA"
499,UFC 163: Aldo vs Jung,08/03/2013,"Rio de Janeiro, Brazil"
500,UFC on FOX: Johnson vs Moraga,07/27/2013,"Seattle, Washington, USA"
501,UFC 162: Silva vs Weidman,07/06/2013,"Las Vegas, Nevada, USA"
502,UFC 161: Evans vs Henderson,06/15/2013,"Winnipeg, Manitoba, Canada"
503,UFC on FUEL TV: Nogueira vs. Werdum,06/08/2013,"Fortaleza, Ceara, Brazil"
504,UFC 160: Velasquez vs Silva 2,05/25/2013,"Las Vegas, Nevada, USA"
505,UFC on FX: Belfort vs. Rockhold,05/18/2013,"Jaragua do Sul, Santa Catarina, Brazil"
506,UFC 159: Jones vs Sonnen,04/27/2013,"Newark, New Jersey, USA"
507,UFC on FOX: Henderson vs Melendez,04/20/2013,"San Jose, California, USA"
508,The Ultimate Fighter: Team Jones vs. Team Sonnen Finale,04/13/2013,"Las Vegas, Nevada, USA"
509,UFC on FUEL TV: Mousasi vs Latifi,04/06/2013,"Stockholm, Sweden"
510,UFC 158: St-Pierre vs Diaz,03/16/2013,"Montreal, Quebec, Canada"
511,UFC on FUEL TV: Silva vs. Stann,03/02/2013,"Saitama, Japan"
512,UFC 157: Rousey vs Carmouche,02/23/2013,"Anaheim, California, USA"
513,UFC on FUEL TV: Barao vs McDonald,02/16/2013,"London, England, United Kingdom"
514,UFC 156: Aldo vs Edgar,02/02/2013,"Las Vegas, Nevada, USA"
515,UFC on FOX: Johnson vs Dodson,01/26/2013,"Chicago, Illinois, USA"
516,UFC on FX: Belfort vs Bisping,01/19/2013,"Sao Paulo, Brazil"
517,UFC 155: Dos Santos vs Velasquez II,12/29/2012,"Las Vegas, Nevada, USA"
518,The Ultimate Fighter: Team Carwin vs. Team Nelson Finale,12/15/2012,"Las Vegas, Nevada, USA"
519,UFC on FX: Sotiropoulos vs Pearson,12/14/2012,"Gold Coast, Queensland, Australia"
520,UFC on FOX: Henderson vs Diaz,12/08/2012,"Seattle, Washington, USA"
521,UFC 154: St-Pierre vs Condit,11/17/2012,"Montreal, Quebec, Canada"
522,UFC Macao: Franklin vs Le,11/10/2012,"Macau, China"
523,UFC 153: Silva vs Bonnar,10/13/2012,"Rio de Janeiro, Brazil"
524,UFC on FX: Browne vs Bigfoot,10/05/2012,"Minneapolis, Minnesota, USA"
525,UFC on FUEL TV: Struve vs Miocic,09/29/2012,"Nottingham, England, United Kingdom"
526,UFC 152: Jones vs Belfort,09/22/2012,"Toronto, Ontario, Canada"
527,UFC 150: Henderson vs Edgar II,08/11/2012,"Denver, Colorado, USA"
528,UFC on FOX: Shogun vs Vera,08/04/2012,"Los Angeles, California, USA"
529,UFC 149: Faber vs Barao,07/21/2012,"Calgary, Alberta, Canada"
530,UFC on FUEL TV: Munoz vs Weidman,07/11/2012,"San Jose, California, USA"
531,UFC 148: Silva vs Sonnen 2,07/07/2012,"Las Vegas, Nevada, USA"
532,UFC 147: Silva vs Franklin 2,06/23/2012,"Belo Horizonte, Minas Gerais, Brazil"
533,UFC on FX: Maynard vs Guida,06/22/2012,"Atlantic City, New Jersey, USA"
534,UFC on FX: Johnson vs McCall,06/08/2012,"Sunrise, Florida, USA"
535,The Ultimate Fighter: Live Finale,06/01/2012,"Las Vegas, Nevada, USA"
536,UFC 146: Dos Santos vs Mir,05/26/2012,"Las Vegas, Nevada, USA"
537,UFC on FUEL TV: Korean Zombie vs Poirier,05/15/2012,"Fairfax, Virginia, USA"
538,UFC on FOX: Diaz vs Miller,05/05/2012,"East Rutherford, New Jersey, USA"
539,UFC 145: Jones vs Evans,04/21/2012,"Atlanta, Georgia, USA"
540,UFC on FUEL TV: Gustafsson vs Silva,04/14/2012,"Stockholm, Sweden"
541,UFC on FX: Alves vs Kampmann,03/02/2012,"Sydney, New South Wales, Australia"
542,UFC 144: Edgar vs Henderson,02/25/2012,"Saitama, Japan"
543,UFC on FUEL TV: Sanchez vs Ellenberger,02/15/2012,"Omaha, Nebraska, USA"
544,UFC 143: Diaz vs Condit,02/04/2012,"Las Vegas, Nevada, USA"
545,UFC on FOX: Evans vs Davis,01/28/2012,"Chicago, Illinois, USA"
546,UFC on FX: Guillard vs Miller,01/20/2012,"Nashville, Tennessee, USA"
547,UFC 142: Aldo vs Mendes,01/14/2012,"Rio de Janeiro, Brazil"
548,UFC 141: Lesnar vs Overeem,12/30/2011,"Las Vegas, Nevada, USA"
549,UFC 140: Jones vs Machida,12/10/2011,"Toronto, Ontario, Canada"
550,The Ultimate Fighter: Team Bisping vs Team Miller Finale,12/03/2011,"Las Vegas, Nevada, USA"
551,UFC 139: Shogun vs Henderson,11/19/2011,"San Jose, California, USA"
552,UFC on FOX: Velasquez vs Dos Santos,11/12/2011,"Anaheim, California, USA"
553,UFC 138: Leben vs Munoz,11/05/2011,"Birmingham, England, United Kingdom"
554,UFC 137: Penn vs Diaz,10/29/2011,"Las Vegas, Nevada, USA"
555,UFC 136: Edgar vs Maynard 3,10/08/2011,"Houston, Texas, USA"
556,UFC Live: Cruz vs Johnson,10/01/2011,"Washington, DC, USA"
557,UFC 135: Jones vs Rampage,09/24/2011,"Denver, Colorado, USA"
558,UFC Fight Night: Shields vs Ellenberger,09/17/2011,"New Orleans, Louisiana, USA"
559,UFC 134: Silva vs Okami,08/27/2011,"Rio de Janeiro, Brazil"
560,UFC Live: Hardy vs Lytle,08/14/2011,"Milwaukee, Wisconsin, USA"
561,UFC 133: Evans vs Ortiz 2,08/06/2011,"Philadelphia, Pennsylvania, USA"
562,UFC 132: Cruz vs Faber,07/02/2011,"Las Vegas, Nevada, USA"
563,UFC Live: Kongo vs Barry,06/26/2011,"Pittsburgh, Pennsylvania, USA"
564,UFC 131: Dos Santos vs Carwin,06/11/2011,"Vancouver, British Columbia, Canada"
565,The Ultimate Fighter: Team Lesnar vs Team dos Santos Finale,06/04/2011,"Las Vegas, Nevada, USA"
566,UFC 130: Rampage vs Hamill,05/28/2011,"Las Vegas, Nevada, USA"
567,UFC 129: St-Pierre vs Shields,04/30/2011,"Toronto, Ontario, Canada"
568,UFC Fight Night: Nogueira vs Davis,03/26/2011,"Seattle, Washington, USA"
569,UFC 128: Shogun vs Jones,03/19/2011,"Newark, New Jersey, USA"
570,UFC Live: Sanchez vs Kampmann,03/03/2011,"Louisville, Kentucky, USA"
571,UFC 127: Penn vs Fitch,02/26/2011,"Sydney, New South Wales, Australia"
572,UFC 126: Silva vs Belfort,02/05/2011,"Las Vegas, Nevada, USA"
573,UFC Fight Night: Fight for the Troops 2,01/22/2011,"Killeen, Texas, USA"
574,UFC 125: Resolution,01/01/2011,"Las Vegas, Nevada, USA"
575,UFC 124: St-Pierre vs Koscheck 2,12/11/2010,"Montreal, Quebec, Canada"
576,The Ultimate Fighter: Team GSP vs Team Koscheck Finale,12/04/2010,"Las Vegas, Nevada, USA"
577,UFC 123: Rampage vs Machida,11/20/2010,"Auburn Hills, Michigan, USA"
578,UFC 122: Marquardt vs Okami,11/13/2010,"Oberhausen, North Rhine-Westphalia, Germany"
579,UFC 121: Lesnar vs Velasquez,10/23/2010,"Anaheim, California, USA"
580,UFC 120: Bisping vs Akiyama,10/16/2010,"London, England, United Kingdom"
581,UFC 119: Mir vs Cro Cop,09/25/2010,"Indianapolis, Indiana, USA"
582,UFC Fight Night: Marquardt vs Palhares,09/15/2010,"Austin, Texas, USA"
583,UFC 118: Edgar vs Penn 2,08/28/2010,"Boston, Massachusetts, USA"
584,UFC 117: Silva vs Sonnen,08/07/2010,"Oakland, California, USA"
585,UFC Live: Jones vs Matyushenko,08/01/2010,"San Diego, California, USA"
586,UFC 116: Lesnar vs Carwin,07/03/2010,"Las Vegas, Nevada, USA"
587,The Ultimate Fighter: Team Liddell vs Team Ortiz Finale,06/19/2010,"Las Vegas, Nevada, USA"
588,UFC 115: Liddell vs Franklin,06/12/2010,"Vancouver, British Columbia, Canada"
589,UFC 114: Rampage vs Evans,05/29/2010,"Las Vegas, Nevada, USA"
590,UFC 113: Machida vs Shogun 2,05/08/2010,"Montreal, Quebec, Canada"
591,UFC 112: Invincible,04/10/2010,"Abu Dhabi, United Arab Emirates"
592,UFC Fight Night: Florian vs Gomi,03/31/2010,"Charlotte, North Carolina, USA"
593,UFC 111: St-Pierre vs Hardy,03/27/2010,"Newark, New Jersey, USA"
594,UFC Live: Vera vs Jones,03/21/2010,"Broomfield, Colorado, USA"
595,UFC 110: Nogueira vs Velasquez,02/20/2010,"Sydney, New South Wales, Australia"
596,UFC 109: Relentless,02/06/2010,"Las Vegas, Nevada, USA"
597,UFC Fight Night: Maynard vs Diaz,01/11/2010,"Fairfax, Virginia, USA"
598,UFC 108: Evans vs Silva,01/02/2010,"Las Vegas, Nevada, USA"
599,UFC 107: Penn vs Sanchez,12/12/2009,"Memphis, Tennessee, USA"
600,The Ultimate Fighter: Heavyweights Finale,12/05/2009,"Las Vegas, Nevada, USA"
601,UFC 106: Ortiz vs Griffin 2,11/21/2009,"Las Vegas, Nevada, USA"
602,UFC 105: Couture vs Vera,11/14/2009,"Manchester, England, United Kingdom"
603,UFC 104: Machida vs Shogun,10/24/2009,"Los Angeles, California, USA"
604,UFC 103: Franklin vs Belfort,09/19/2009,"Dallas, Texas, USA"
605,UFC Fight Night: Diaz vs Guillard,09/16/2009,"Oklahoma City, Oklahoma, USA"
606,UFC 102: Couture vs Nogueira,08/29/2009,"Portland, Oregon, USA"
607,UFC 101: Declaration,08/08/2009,"Philadelphia, Pennsylvania, USA"
608,UFC 100,07/11/2009,"Las Vegas, Nevada, USA"
609,The Ultimate Fighter: United States vs. United Kingdom Finale,06/20/2009,"Las Vegas, Nevada, USA"
610,UFC 99: The Comeback,06/13/2009,"Cologne, North Rhine-Westphalia, Germany"
611,UFC 98: Evans vs Machida,05/23/2009,"Las Vegas, Nevada, USA"
612,UFC 97: Redemption,04/18/2009,"Montreal, Quebec, Canada"
613,UFC Fight Night: Condit vs Kampmann,04/01/2009,"Nashville, Tennessee, USA"
614,UFC 96: Jackson vs Jardine,03/07/2009,"Columbus, Ohio, USA"
615,UFC 95: Sanchez vs Stevenson,02/21/2009,"London, England, United Kingdom"
616,UFC Fight Night: Lauzon vs Stephens,02/07/2009,"Tampa, Florida, USA"
617,UFC 94: St-Pierre vs Penn 2,01/31/2009,"Las Vegas, Nevada, USA"
618,UFC 93: Franklin vs Henderson,01/17/2009,"Dublin, Leinster, Ireland"
619,UFC 92: The Ultimate 2008,12/27/2008,"Las Vegas, Nevada, USA"
620,The Ultimate Fighter: Team Nogueira vs. Team Mir Finale,12/13/2008,"Las Vegas, Nevada, USA"
621,UFC Fight Night - Fight for the Troops,12/10/2008,"Fayetteville, North Carolina, USA"
622,UFC 91: Couture vs Lesnar,11/15/2008,"Las Vegas, Nevada, USA"
623,UFC 90: Silva vs Cote,10/25/2008,"Rosemont, Illinois, USA"
624,UFC 89: Bisping vs Leben,10/18/2008,"Birmingham, England, United Kingdom"
625,UFC Fight Night: Diaz vs Neer,09/17/2008,"Omaha, Nebraska, USA"
626,UFC 88: Breakthrough,09/06/2008,"Atlanta, Georgia, USA"
627,UFC 87: Seek And Destroy,08/09/2008,"Minneapolis, Minnesota, USA"
628,UFC: Silva vs Irvin,07/19/2008,"Las Vegas, Nevada, USA"
629,UFC 86: Jackson vs Griffin,07/05/2008,"Las Vegas, Nevada, USA"
630,The Ultimate Fighter: Team Rampage vs Team Forrest Finale,06/21/2008,"Las Vegas, Nevada, USA"
631,UFC 85: Bedlam,06/07/2008,"London, England, United Kingdom"
632,UFC 84: Ill Will,05/24/2008,"Las Vegas, Nevada, USA"
633,UFC 83: Serra vs St-Pierre 2,04/19/2008,"Montreal, Quebec, Canada"
634,UFC Fight Night: Florian vs Lauzon,04/02/2008,"Broomfield, Colorado, USA"
635,UFC 82: Pride of a Champion,03/01/2008,"Columbus, Ohio, USA"
636,UFC 81: Breaking Point,02/02/2008,"Las Vegas, Nevada, USA"
637,UFC Fight Night: Swick vs Burkman,01/23/2008,"Las Vegas, Nevada, USA"
638,UFC 80: Rapid Fire,01/19/2008,"Newcastle, England, United Kingdom"
639,UFC 79: Nemesis,12/29/2007,"Las Vegas, Nevada, USA"
640,The Ultimate Fighter: Team Hughes vs. Team Serra Finale,12/08/2007,"Las Vegas, Nevada, USA"
641,UFC 78: Validation,11/17/2007,"Newark, New Jersey, USA"
642,UFC 77: Hostile Territory,10/20/2007,"Cincinnati, Ohio, USA"
643,UFC 76: Knockout,09/22/2007,"Anaheim, California, USA"
644,UFC Fight Night: Thomas vs Florian,09/19/2007,"Las Vegas, Nevada, USA"
645,UFC 75: Champion vs Champion,09/08/2007,"London, England, United Kingdom"
646,UFC 74: Respect,08/25/2007,"Las Vegas, Nevada, USA"
647,UFC 73: Stacked,07/07/2007,"Sacramento, California, USA"
648,The Ultimate Fighter: Team Pulver vs. Team Penn Finale,06/23/2007,"Las Vegas, Nevada, USA"
649,UFC 72: Victory,06/16/2007,"Belfast, Northern Ireland, United Kingdom"
650,UFC Fight Night: Stout vs Fisher,06/12/2007,"Hollywood, Florida, USA"
651,UFC 71: Liddell vs Jackson,05/26/2007,"Las Vegas, Nevada, USA"
652,UFC 70: Nations Collide,04/21/2007,"Manchester, England, United Kingdom"
653,UFC 69: Shootout,04/07/2007,"Houston, Texas, USA"
654,UFC Fight Night: Stevenson vs Guillard,04/05/2007,"Las Vegas, Nevada, USA"
655,UFC 68: The Uprising,03/03/2007,"Columbus, Ohio, USA"
656,UFC 67: All or Nothing,02/03/2007,"Las Vegas, Nevada, USA"
657,UFC Fight Night: Evans vs Salmon,01/25/2007,"Hollywood, Florida, USA"
658,UFC 66: Liddell vs Ortiz 2,12/30/2006,"Las Vegas, Nevada, USA"
659,UFC Fight Night: Sanchez vs Riggs,12/13/2006,"San Diego, California, USA"
660,UFC 65: Bad Intentions,11/18/2006,"Sacramento, California, USA"
661,The Ultimate Fighter: The Comeback Finale,11/11/2006,"Las Vegas, Nevada, USA"
662,UFC 64: Unstoppable,10/14/2006,"Las Vegas, Nevada, USA"
663,Ortiz vs Shamrock 3: The Final Chapter,10/10/2006,"Hollywood, Florida, USA"
664,UFC 63: Hughes vs Penn,09/23/2006,"Anaheim, California, USA"
665,UFC 62: Liddell vs Sobral,08/26/2006,"Las Vegas, Nevada, USA"
666,UFC Fight Night 6,08/17/2006,"Las Vegas, Nevada, USA"
667,UFC 61: Bitter Rivals,07/08/2006,"Las Vegas, Nevada, USA"
668,UFC Fight Night 5,06/28/2006,"Las Vegas, Nevada, USA"
669,The Ultimate Fighter: Team Ortiz vs. Team Shamrock Finale,06/24/2006,"Las Vegas, Nevada, USA"
670,UFC 60: Hughes vs Gracie,05/27/2006,"Los Angeles, California, USA"
671,UFC 59: Reality Check,04/15/2006,"Anaheim, California, USA"
672,UFC Fight Night 4,04/06/2006,"Las Vegas, Nevada, USA"
673,UFC 58: USA vs Canada,03/04/2006,"Las Vegas, Nevada, USA"
674,UFC 57: Liddell vs Couture 3,02/04/2006,"Las Vegas, Nevada, USA"
675,UFC Fight Night 3,01/16/2006,"Las Vegas, Nevada, USA"
676,UFC 56: Full Force,11/19/2005,"Las Vegas, Nevada, USA"
677,The Ultimate Fighter: Team Hughes vs. Team Franklin Finale,11/05/2005,"Las Vegas, Nevada, USA"
678,UFC 55: Fury,10/07/2005,"Uncasville, Connecticut, USA"
679,UFC Fight Night 2,10/03/2005,"Las Vegas, Nevada, USA"
680,UFC 54: Boiling Point,08/20/2005,"Las Vegas, Nevada, USA"
681,UFC Fight Night 1,08/06/2005,"Las Vegas, Nevada, USA"
682,UFC 53: Heavy Hitters,06/04/2005,"Atlantic City, New Jersey, USA"
683,UFC 52: Couture vs Liddell 2,04/16/2005,"Las Vegas, Nevada, USA"
684,The Ultimate Fighter: Team Couture vs. Team Liddell Finale,04/09/2005,"Las Vegas, Nevada, USA"
685,UFC 51: Super Saturday,02/05/2005,"Las Vegas, Nevada, USA"
686,UFC 50: The War Of '04,10/22/2004,"Atlantic City, New Jersey, USA"
687,UFC 49: Unfinished Business,08/21/2004,"Las Vegas, Nevada, USA"
688,UFC 48: Payback,06/19/2004,"Las Vegas, Nevada, USA"
689,UFC 47: It's On!,04/02/2004,"Las Vegas, Nevada, USA"
690,UFC 46: Supernatural,01/31/2004,"Las Vegas, Nevada, USA"
691,UFC 45: Revolution,11/21/2003,"Uncasville, Connecticut, USA"
692,UFC 44: Undisputed,09/26/2003,"Las Vegas, Nevada, USA"
693,UFC 43: Meltdown,06/06/2003,"Las Vegas, Nevada, USA"
694,UFC 42: Sudden Impact,04/25/2003,"Miami, Florida, USA"
695,UFC 41: Onslaught,02/28/2003,"Atlantic City, New Jersey, USA"
696,UFC 40: Vendetta,11/22/2002,"Las Vegas, Nevada, USA"
697,UFC 39: The Warriors Return,09/27/2002,"Uncasville, Connecticut, USA"
698,UFC 38: Brawl at the Hall,07/13/2002,"London, England, United Kingdom"
699,UFC 37.5: As Real As It Gets,06/22/2002,"Las Vegas, Nevada, USA"
700,UFC 37: High Impact,05/10/2002,"Bossier City, Louisiana, USA"
701,UFC 36: Worlds Collide,03/22/2002,"Las Vegas, Nevada, USA"
702,UFC 35: Throwdown,01/11/2002,"Uncasville, Connecticut, USA"
703,UFC 34: High Voltage,11/02/2001,"Las Vegas, Nevada, USA"
704,UFC 33: Victory in Vegas,09/28/2001,"Las Vegas, Nevada, USA"
705,UFC 32: Showdown in the Meadowlands,06/29/2001,"East Rutherford, New Jersey, USA"
706,UFC 31: Locked and Loaded,05/04/2001,"Atlantic City, New Jersey, USA"
707,UFC 30: Battle on the Boardwalk,02/23/2001,"Atlantic City, New Jersey, USA"
708,UFC 29: Defense of the Belts,12/16/2000,"Tokyo, Japan"
709,UFC 28: High Stakes,11/17/2000,"Atlantic City, New Jersey, USA"
710,UFC 27: Ultimate Bad Boyz,09/22/2000,"New Orleans, Louisiana, USA"
711,UFC 26: Ultimate Field Of Dreams,06/09/2000,"Cedar Rapids, Iowa, USA"
712,UFC 25: Ultimate Japan 3,04/14/2000,"Tokyo, Japan"
713,UFC 24: First Defense,03/10/2000,"Lake Charles, Louisiana, USA"
714,UFC 23: Ultimate Japan 2,11/19/1999,"Chiba, Japan"
715,UFC 22: Only One Can be Champion,09/24/1999,"Lake Charles, Louisiana, USA"
716,UFC 21: Return of the Champions,07/16/1999,"Cedar Rapids, Iowa, USA"
717,UFC 20: Battle for the Gold,05/07/1999,"Birmingham, Alabama, USA"
718,UFC 19: Ultimate Young Guns,03/05/1999,"Bay St. Louis, Mississippi, USA"
719,UFC 18: The Road to the Heavyweight Title,01/08/1999,"New Orleans, Louisiana, USA"
720,UFC - Ultimate Brazil,10/16/1998,"Sao Paulo, Brazil"
721,UFC 17: Redemption,05/15/1998,"Mobile, Alabama, USA"
722,UFC 16: Battle in the Bayou,03/13/1998,"New Orleans, Louisiana, USA"
723,UFC - Ultimate Japan,12/21/1997,"Yokohama, Kanagawa, Japan"
724,UFC 15: Collision Course,10/17/1997,"Bay St. Louis, Mississippi, USA"
725,UFC 14: Showdown,07/27/1997,"Birmingham, Alabama, USA"
726,UFC 13: The Ultimate Force,05/30/1997,"Augusta, Georgia, USA"
727,UFC 12: Judgement Day,02/07/1997,"Dothan, Alabama, USA"
728,UFC - Ultimate Ultimate '96,12/07/1996,"Birmingham, Alabama, USA"
729,UFC 11: The Proving Ground,09/20/1996,"Augusta, Georgia, USA"
730,UFC 10: The Tournament,07/12/1996,"Birmingham, Alabama, USA"
731,UFC 9: Motor City Madness,05/17/1996,"Detroit, Michigan, USA"
732,UFC 8: David vs Goliath,02/16/1996,"San Juan, Puerto Rico"
733,UFC - Ultimate Ultimate '95,12/16/1995,"Denver, Colorado, USA"
734,UFC 7: The Brawl in Buffalo,09/08/1995,"Buffalo, New York, USA"
735,UFC 6: Clash of the Titans,07/14/1995,"Casper, Wyoming, USA"
736,UFC 5: The Return of the Beast,04/07/1995,"Charlotte, North Carolina, USA"
737,UFC 4: Revenge of the Warriors,12/16/1994,"Tulsa, Oklahoma, USA"
738,UFC 3: The American Dream,09/09/1994,"Charlotte, North Carolina, USA"
739,UFC 2: No Way Out,03/11/1994,"Denver, Colorado, USA"
