event,date,location
UFC 318: Holloway vs. Poirier 3,07/19/2025,"New Orleans, Louisiana, USA"
UFC Fight Night: Lewis vs. Teixeira,07/12/2025,"Nashville, Tennessee, USA"
UFC 317: Topuria vs. Oliveira,06/28/2025,"Las Vegas, Nevada, USA"
UFC Fight Night: Hill vs. Rountree Jr.,06/21/2025,"Baku, Azerbaijan"
UFC Fight Night: Usman vs. Buckley,06/14/2025,"Atlanta, Georgia, USA"
UFC 316: Dvalishvili vs. O'Malley 2,06/07/2025,"Newark, New Jersey, USA"
UFC Fight Night: Blanchfield vs. Barber,05/31/2025,"Las Vegas, Nevada, USA"
UFC Fight Night: Burns vs. Morales,05/17/2025,"Las Vegas, Nevada, USA"
UFC 315: Muhammad vs. Della Maddalena,05/10/2025,"Montreal, Quebec, Canada"
UFC Fight Night: Sandhagen vs. Figueiredo,05/03/2025,"Des Moines, Iowa, USA"
UFC Fight Night: Machado Garry vs. Prates,04/26/2025,"Kansas City, Missouri, USA"
UFC 314: Volkanovski vs. Lopes,04/12/2025,"Miami, Florida, USA"
UFC Fight Night: Emmett vs. Murphy,04/05/2025,"Las Vegas, Nevada, USA"
UFC Fight Night: Moreno vs. Erceg,03/29/2025,"Mexico City, Distrito Federal, Mexico"
UFC Fight Night: Edwards vs. Brady,03/22/2025,"London, England, United Kingdom"
UFC Fight Night: Vettori vs. Dolidze 2,03/15/2025,"Las Vegas, Nevada, USA"
UFC 313: Pereira vs. Ankalaev,03/08/2025,"Las Vegas, Nevada, USA"
UFC Fight Night: Kape vs. Almabayev,03/01/2025,"Las Vegas, Nevada, USA"
UFC Fight Night: Cejudo vs. Song,02/22/2025,"Seattle, Washington, USA"
UFC Fight Night: Cannonier vs. Rodrigues,02/15/2025,"Las Vegas, Nevada, USA"
UFC 312: Du Plessis vs. Strickland 2,02/08/2025,"Sydney, New South Wales, Australia"
UFC Fight Night: Adesanya vs. Imavov,02/01/2025,"Riyadh, Riyadh, Saudi Arabia"
UFC 311: Makhachev vs. Moicano,01/18/2025,"Inglewood, California, USA"
UFC Fight Night: Dern vs. Ribas 2,01/11/2025,"Las Vegas, Nevada, USA"
UFC Fight Night: Covington vs. Buckley,12/14/2024,"Tampa, Florida, USA"
UFC 310: Pantoja vs. Asakura,12/07/2024,"Las Vegas, Nevada, USA"
UFC Fight Night: Yan vs. Figueiredo,11/23/2024,"Macau, China"
UFC 309: Jones vs. Miocic,11/16/2024,"New York City, New York, USA"
UFC Fight Night: Magny vs. Prates,11/09/2024,"Las Vegas, Nevada, USA"
UFC Fight Night: Moreno vs. Albazi,11/02/2024,"Edmonton, Alberta, Canada"
UFC 308: Topuria vs. Holloway,10/26/2024,"Abu Dhabi, Abu Dhabi, United Arab Emirates"
UFC Fight Night: Hernandez vs. Pereira,10/19/2024,"Las Vegas, Nevada, USA"
UFC Fight Night: Royval vs. Taira,10/12/2024,"Las Vegas, Nevada, USA"
UFC 307: Pereira vs. Rountree Jr.,10/05/2024,"Salt Lake City, Utah, USA"
UFC Fight Night: Moicano vs. Saint Denis,09/28/2024,"Paris, Ile-de-France, France"
UFC 306: Riyadh Season Noche UFC,09/14/2024,"Las Vegas, Nevada, USA"
UFC Fight Night: Burns vs. Brady,09/07/2024,"Las Vegas, Nevada, USA"
UFC Fight Night: Cannonier vs. Borralho,08/24/2024,"Las Vegas, Nevada, USA"
UFC 305: Du Plessis vs. Adesanya,08/17/2024,"Perth, Western Australia, Australia"
UFC Fight Night: Tybura vs. Spivac 2,08/10/2024,"Las Vegas, Nevada, USA"
UFC Fight Night: Sandhagen vs. Nurmagomedov,08/03/2024,"Abu Dhabi, Abu Dhabi, United Arab Emirates"
UFC 304: Edwards vs. Muhammad 2,07/27/2024,"Manchester, England, United Kingdom"
UFC Fight Night: Lemos vs. Jandiroba,07/20/2024,"Las Vegas, Nevada, USA"
UFC Fight Night: Namajunas vs. Cortez,07/13/2024,"Denver, Colorado, USA"
UFC 303: Pereira vs. Prochazka 2,06/29/2024,"Las Vegas, Nevada, USA"
UFC Fight Night: Whittaker vs. Aliskerov,06/22/2024,"Riyadh, Riyadh, Saudi Arabia"
UFC Fight Night: Perez vs. Taira,06/15/2024,"Las Vegas, Nevada, USA"
UFC Fight Night: Cannonier vs. Imavov,06/08/2024,"Louisville, Kentucky, USA"
UFC 302: Makhachev vs. Poirier,06/01/2024,"Newark, New Jersey, USA"
UFC Fight Night: Barboza vs. Murphy,05/18/2024,"Las Vegas, Nevada, USA"
UFC Fight Night: Lewis vs. Nascimento,05/11/2024,"St. Louis, Missouri, USA"
UFC 301: Pantoja vs. Erceg,05/04/2024,"Rio de Janeiro, Rio de Janeiro, Brazil"
UFC Fight Night: Nicolau vs. Perez,04/27/2024,"Las Vegas, Nevada, USA"
UFC 300: Pereira vs. Hill,04/13/2024,"Las Vegas, Nevada, USA"
UFC Fight Night: Allen vs. Curtis 2,04/06/2024,"Las Vegas, Nevada, USA"
UFC Fight Night: Blanchfield vs. Fiorot,03/30/2024,"Atlantic City, New Jersey, USA"
UFC Fight Night: Ribas vs. Namajunas,03/23/2024,"Las Vegas, Nevada, USA"
UFC Fight Night: Tuivasa vs. Tybura,03/16/2024,"Las Vegas, Nevada, USA"
UFC 299: O'Malley vs. Vera 2,03/09/2024,"Miami, Florida, USA"
UFC Fight Night: Rozenstruik vs. Gaziev,03/02/2024,"Las Vegas, Nevada, USA"
UFC Fight Night: Moreno vs. Royval 2,02/24/2024,"Mexico City, Distrito Federal, Mexico"
UFC 298: Volkanovski vs. Topuria,02/17/2024,"Anaheim, California, USA"
UFC Fight Night: Hermansson vs. Pyfer,02/10/2024,"Las Vegas, Nevada, USA"
UFC Fight Night: Dolidze vs. Imavov,02/03/2024,"Las Vegas, Nevada, USA"
UFC 297: Strickland vs. Du Plessis,01/20/2024,"Toronto, Ontario, Canada"
UFC Fight Night: Ankalaev vs. Walker 2,01/13/2024,"Las Vegas, Nevada, USA"
UFC 296: Edwards vs. Covington,12/16/2023,"Las Vegas, Nevada, USA"
UFC Fight Night: Song vs. Gutierrez,12/09/2023,"Las Vegas, Nevada, USA"
UFC Fight Night: Dariush vs. Tsarukyan,12/02/2023,"Austin, Texas, USA"
UFC Fight Night: Allen vs. Craig,11/18/2023,"Las Vegas, Nevada, USA"
UFC 295: Prochazka vs. Pereira,11/11/2023,"New York City, New York, USA"
UFC Fight Night: Almeida vs. Lewis,11/04/2023,"Sao Paulo, Sao Paulo, Brazil"
UFC 294: Makhachev vs. Volkanovski 2,10/21/2023,"Abu Dhabi, Abu Dhabi, United Arab Emirates"
UFC Fight Night: Yusuff vs. Barboza,10/14/2023,"Las Vegas, Nevada, USA"
UFC Fight Night: Dawson vs. Green,10/07/2023,"Las Vegas, Nevada, USA"
UFC Fight Night: Fiziev vs. Gamrot,09/23/2023,"Las Vegas, Nevada, USA"
UFC Fight Night: Grasso vs. Shevchenko 2,09/16/2023,"Las Vegas, Nevada, USA"
UFC 293: Adesanya vs. Strickland,09/09/2023,"Sydney, New South Wales, Australia"
UFC Fight Night: Gane vs. Spivac,09/02/2023,"Paris, Ile-de-France, France"
UFC Fight Night: Holloway vs. The Korean Zombie,08/26/2023,"Kallang, Singapore"
UFC 292: Sterling vs. O'Malley,08/19/2023,"Boston, Massachusetts, USA"
UFC Fight Night: Luque vs. Dos Anjos,08/12/2023,"Las Vegas, Nevada, USA"
UFC Fight Night: Sandhagen vs. Font,08/05/2023,"Nashville, Tennessee, USA"
UFC 291: Poirier vs. Gaethje 2,07/29/2023,"Salt Lake City, Utah, USA"
UFC Fight Night: Aspinall vs. Tybura,07/22/2023,"London, England, United Kingdom"
UFC Fight Night: Holm vs. Bueno Silva,07/15/2023,"Las Vegas, Nevada, USA"
UFC 290: Volkanovski vs. Rodriguez,07/08/2023,"Las Vegas, Nevada, USA"
UFC Fight Night: Strickland vs. Magomedov,07/01/2023,"Las Vegas, Nevada, USA"
UFC Fight Night: Emmett vs. Topuria,06/24/2023,"Jacksonville, Florida, USA"
UFC Fight Night: Vettori vs. Cannonier,06/17/2023,"Las Vegas, Nevada, USA"
UFC 289: Nunes vs. Aldana,06/10/2023,"Vancouver, British Columbia, Canada"
UFC Fight Night: Kara-France vs. Albazi,06/03/2023,"Las Vegas, Nevada, USA"
UFC Fight Night: Dern vs. Hill,05/20/2023,"Las Vegas, Nevada, USA"
UFC Fight Night: Rozenstruik vs. Almeida,05/13/2023,"Charlotte, North Carolina, USA"
UFC 288: Sterling vs. Cejudo,05/06/2023,"Newark, New Jersey, USA"
UFC Fight Night: Song vs. Simon,04/29/2023,"Las Vegas, Nevada, USA"
UFC Fight Night: Pavlovich vs. Blaydes,04/22/2023,"Las Vegas, Nevada, USA"
UFC Fight Night: Holloway vs. Allen,04/15/2023,"Kansas City, Missouri, USA"
UFC 287: Pereira vs. Adesanya 2,04/08/2023,"Miami, Florida, USA"
UFC Fight Night: Vera vs. Sandhagen,03/25/2023,"San Antonio, Texas, USA"
UFC 286: Edwards vs. Usman 3,03/18/2023,"London, England, United Kingdom"
UFC Fight Night: Yan vs. Dvalishvili,03/11/2023,"Las Vegas, Nevada, USA"
UFC 285: Jones vs. Gane,03/04/2023,"Las Vegas, Nevada, USA"
UFC Fight Night: Muniz vs. Allen,02/25/2023,"Las Vegas, Nevada, USA"
UFC Fight Night: Andrade vs. Blanchfield,02/18/2023,"Las Vegas, Nevada, USA"
UFC 284: Makhachev vs. Volkanovski,02/11/2023,"Perth, Western Australia, Australia"
UFC Fight Night: Lewis vs. Spivac,02/04/2023,"Las Vegas, Nevada, USA"
UFC 283: Teixeira vs. Hill,01/21/2023,"Rio de Janeiro, Rio de Janeiro, Brazil"
UFC Fight Night: Strickland vs. Imavov,01/14/2023,"Las Vegas, Nevada, USA"
UFC Fight Night: Cannonier vs. Strickland,12/17/2022,"Las Vegas, Nevada, USA"
UFC 282: Blachowicz vs. Ankalaev,12/10/2022,"Las Vegas, Nevada, USA"
UFC Fight Night: Thompson vs. Holland,12/03/2022,"Orlando, Florida, USA"
UFC Fight Night: Nzechukwu vs. Cutelaba,11/19/2022,"Las Vegas, Nevada, USA"
UFC 281: Adesanya vs. Pereira,11/12/2022,"New York City, New York, USA"
UFC Fight Night: Rodriguez vs. Lemos,11/05/2022,"Las Vegas, Nevada, USA"
UFC Fight Night: Kattar vs. Allen,10/29/2022,"Las Vegas, Nevada, USA"
UFC 280: Oliveira vs. Makhachev,10/22/2022,"Abu Dhabi, Abu Dhabi, United Arab Emirates"
UFC Fight Night: Grasso vs. Araujo,10/15/2022,"Las Vegas, Nevada, USA"
UFC Fight Night: Dern vs. Yan,10/01/2022,"Las Vegas, Nevada, USA"
UFC Fight Night: Sandhagen vs. Song,09/17/2022,"Las Vegas, Nevada, USA"
UFC 279: Diaz vs. Ferguson,09/10/2022,"Las Vegas, Nevada, USA"
UFC Fight Night: Gane vs. Tuivasa,09/03/2022,"Paris, Ile-de-France, France"
UFC 278: Usman vs. Edwards,08/20/2022,"Salt Lake City, Utah, USA"
UFC Fight Night: Vera vs. Cruz,08/13/2022,"San Diego, California, USA"
UFC Fight Night: Santos vs. Hill,08/06/2022,"Las Vegas, Nevada, USA"
UFC 277: Pena vs. Nunes 2,07/30/2022,"Dallas, Texas, USA"
UFC Fight Night: Blaydes vs. Aspinall,07/23/2022,"London, England, United Kingdom"
UFC Fight Night: Ortega vs. Rodriguez,07/16/2022,"Elmont, New York, USA"
UFC Fight Night: Dos Anjos vs. Fiziev,07/09/2022,"Las Vegas, Nevada, USA"
UFC 276: Adesanya vs. Cannonier,07/02/2022,"Las Vegas, Nevada, USA"
UFC Fight Night: Tsarukyan vs. Gamrot,06/25/2022,"Las Vegas, Nevada, USA"
UFC Fight Night: Kattar vs. Emmett,06/18/2022,"Austin, Texas, USA"
UFC 275: Teixeira vs. Prochazka,06/11/2022,"Kallang, Singapore"
UFC Fight Night: Volkov vs. Rozenstruik,06/04/2022,"Las Vegas, Nevada, USA"
UFC Fight Night: Holm vs. Vieira,05/21/2022,"Las Vegas, Nevada, USA"
UFC Fight Night: Blachowicz vs. Rakic,05/14/2022,"Las Vegas, Nevada, USA"
UFC 274: Oliveira vs. Gaethje,05/07/2022,"Phoenix, Arizona, USA"
UFC Fight Night: Font vs. Vera,04/30/2022,"Las Vegas, Nevada, USA"
UFC Fight Night: Lemos vs. Andrade,04/23/2022,"Las Vegas, Nevada, USA"
UFC Fight Night: Luque vs. Muhammad,04/16/2022,"Las Vegas, Nevada, USA"
UFC 273: Volkanovski vs. The Korean Zombie,04/09/2022,"Jacksonville, Florida, USA"
UFC Fight Night: Blaydes vs. Daukaus,03/26/2022,"Columbus, Ohio, USA"
UFC Fight Night: Volkov vs. Aspinall,03/19/2022,"London, England, United Kingdom"
UFC Fight Night: Santos vs. Ankalaev,03/12/2022,"Las Vegas, Nevada, USA"
UFC 272: Covington vs. Masvidal,03/05/2022,"Las Vegas, Nevada, USA"
UFC Fight Night: Makhachev vs. Green,02/26/2022,"Las Vegas, Nevada, USA"
UFC Fight Night: Walker vs. Hill,02/19/2022,"Las Vegas, Nevada, USA"
UFC 271: Adesanya vs. Whittaker 2,02/12/2022,"Houston, Texas, USA"
UFC Fight Night: Hermansson vs. Strickland,02/05/2022,"Las Vegas, Nevada, USA"
UFC 270: Ngannou vs. Gane,01/22/2022,"Anaheim, California, USA"
UFC Fight Night: Kattar vs. Chikadze,01/15/2022,"Las Vegas, Nevada, USA"
UFC Fight Night: Lewis vs. Daukaus,12/18/2021,"Las Vegas, Nevada, USA"
UFC 269: Oliveira vs. Poirier,12/11/2021,"Las Vegas, Nevada, USA"
UFC Fight Night: Font vs. Aldo,12/04/2021,"Las Vegas, Nevada, USA"
UFC Fight Night: Vieira vs. Tate,11/20/2021,"Las Vegas, Nevada, USA"
UFC Fight Night: Holloway vs. Rodriguez,11/13/2021,"Las Vegas, Nevada, USA"
UFC 268: Usman vs. Covington 2,11/06/2021,"New York City, New York, USA"
UFC 267: Blachowicz vs. Teixeira,10/30/2021,"Abu Dhabi, Abu Dhabi, United Arab Emirates"
UFC Fight Night: Costa vs. Vettori,10/23/2021,"Las Vegas, Nevada, USA"
UFC Fight Night: Ladd vs. Dumont,10/16/2021,"Las Vegas, Nevada, USA"
UFC Fight Night: Dern vs. Rodriguez,10/09/2021,"Las Vegas, Nevada, USA"
UFC Fight Night: Santos vs. Walker,10/02/2021,"Las Vegas, Nevada, USA"
UFC 266: Volkanovski vs. Ortega,09/25/2021,"Las Vegas, Nevada, USA"
UFC Fight Night: Smith vs. Spann,09/18/2021,"Las Vegas, Nevada, USA"
UFC Fight Night: Brunson vs. Till,09/04/2021,"Las Vegas, Nevada, USA"
UFC Fight Night: Barboza vs. Chikadze,08/28/2021,"Las Vegas, Nevada, USA"
UFC Fight Night: Cannonier vs. Gastelum,08/21/2021,"Las Vegas, Nevada, USA"
UFC 265: Lewis vs. Gane,08/07/2021,"Houston, Texas, USA"
UFC Fight Night: Hall vs. Strickland,07/31/2021,"Las Vegas, Nevada, USA"
UFC Fight Night: Sandhagen vs. Dillashaw,07/24/2021,"Las Vegas, Nevada, USA"
UFC Fight Night: Makhachev vs. Moises,07/17/2021,"Las Vegas, Nevada, USA"
UFC 264: Poirier vs. McGregor 3,07/10/2021,"Las Vegas, Nevada, USA"
UFC Fight Night: Gane vs. Volkov,06/26/2021,"Las Vegas, Nevada, USA"
UFC Fight Night: Jung vs. Ige,06/19/2021,"Las Vegas, Nevada, USA"
UFC 263: Adesanya vs. Vettori 2,06/12/2021,"Glendale, Arizona, USA"
UFC Fight Night: Rozenstruik vs. Sakai,06/05/2021,"Las Vegas, Nevada, USA"
UFC Fight Night: Font vs. Garbrandt,05/22/2021,"Las Vegas, Nevada, USA"
UFC 262: Oliveira vs. Chandler,05/15/2021,"Houston, Texas, USA"
UFC Fight Night: Rodriguez vs. Waterson,05/08/2021,"Las Vegas, Nevada, USA"
UFC Fight Night: Reyes vs. Prochazka,05/01/2021,"Las Vegas, Nevada, USA"
UFC 261: Usman vs. Masvidal 2,04/24/2021,"Jacksonville, Florida, USA"
UFC Fight Night: Whittaker vs. Gastelum,04/17/2021,"Las Vegas, Nevada, USA"
UFC Fight Night: Vettori vs. Holland,04/10/2021,"Las Vegas, Nevada, USA"
UFC 260: Miocic vs. Ngannou,03/27/2021,"Las Vegas, Nevada, USA"
UFC Fight Night: Brunson vs. Holland,03/20/2021,"Las Vegas, Nevada, USA"
UFC Fight Night: Edwards vs. Muhammad,03/13/2021,"Las Vegas, Nevada, USA"
UFC 259: Blachowicz vs. Adesanya,03/06/2021,"Las Vegas, Nevada, USA"
UFC Fight Night: Rozenstruik vs. Gane,02/27/2021,"Las Vegas, Nevada, USA"
UFC Fight Night: Blaydes vs. Lewis,02/20/2021,"Las Vegas, Nevada, USA"
UFC 258: Usman vs. Burns,02/13/2021,"Las Vegas, Nevada, USA"
UFC Fight Night: Overeem vs. Volkov,02/06/2021,"Las Vegas, Nevada, USA"
UFC 257: Poirier vs. McGregor,01/23/2021,"Abu Dhabi, Abu Dhabi, United Arab Emirates"
UFC Fight Night: Chiesa vs. Magny,01/20/2021,"Abu Dhabi, Abu Dhabi, United Arab Emirates"
UFC Fight Night: Holloway vs. Kattar,01/16/2021,"Abu Dhabi, Abu Dhabi, United Arab Emirates"
UFC Fight Night: Thompson vs. Neal,12/19/2020,"Las Vegas, Nevada, USA"
UFC 256: Figueiredo vs. Moreno,12/12/2020,"Las Vegas, Nevada, USA"
UFC Fight Night: Hermansson vs. Vettori,12/05/2020,"Las Vegas, Nevada, USA"
UFC Fight Night: Smith vs. Clark,11/28/2020,"Las Vegas, Nevada, USA"
UFC 255: Figueiredo vs. Perez,11/21/2020,"Las Vegas, Nevada, USA"
UFC Fight Night: Felder vs. Dos Anjos,11/14/2020,"Las Vegas, Nevada, USA"
UFC Fight Night: Santos vs. Teixeira,11/07/2020,"Las Vegas, Nevada, USA"
UFC Fight Night: Hall vs. Silva,10/31/2020,"Las Vegas, Nevada, USA"
UFC 254: Khabib vs. Gaethje,10/24/2020,"Abu Dhabi, Abu Dhabi, United Arab Emirates"
UFC Fight Night: Ortega vs. The Korean Zombie,10/17/2020,"Abu Dhabi, Abu Dhabi, United Arab Emirates"
UFC Fight Night: Moraes vs. Sandhagen,10/10/2020,"Abu Dhabi, Abu Dhabi, United Arab Emirates"
UFC Fight Night: Holm vs. Aldana,10/03/2020,"Abu Dhabi, Abu Dhabi, United Arab Emirates"
UFC 253: Adesanya vs. Costa,09/26/2020,"Abu Dhabi, Abu Dhabi, United Arab Emirates"
UFC Fight Night: Covington vs. Woodley,09/19/2020,"Las Vegas, Nevada, USA"
UFC Fight Night: Waterson vs. Hill,09/12/2020,"Las Vegas, Nevada, USA"
UFC Fight Night: Overeem vs. Sakai,09/05/2020,"Las Vegas, Nevada, USA"
UFC Fight Night: Smith vs. Rakic,08/29/2020,"Las Vegas, Nevada, USA"
UFC Fight Night: Munhoz vs. Edgar,08/22/2020,"Las Vegas, Nevada, USA"
UFC 252: Miocic vs. Cormier 3,08/15/2020,"Las Vegas, Nevada, USA"
UFC Fight Night: Lewis vs. Oleinik,08/08/2020,"Las Vegas, Nevada, USA"
UFC Fight Night: Brunson vs. Shahbazyan,08/01/2020,"Las Vegas, Nevada, USA"
UFC Fight Night: Whittaker vs. Till,07/25/2020,"Abu Dhabi, Abu Dhabi, United Arab Emirates"
UFC Fight Night: Figueiredo vs. Benavidez 2,07/18/2020,"Abu Dhabi, Abu Dhabi, United Arab Emirates"
UFC Fight Night: Kattar vs. Ige,07/15/2020,"Abu Dhabi, Abu Dhabi, United Arab Emirates"
UFC 251: Usman vs. Masvidal,07/11/2020,"Abu Dhabi, Abu Dhabi, United Arab Emirates"
UFC Fight Night: Poirier vs. Hooker,06/27/2020,"Las Vegas, Nevada, USA"
UFC Fight Night: Blaydes vs. Volkov,06/20/2020,"Las Vegas, Nevada, USA"
UFC Fight Night: Eye vs. Calvillo,06/13/2020,"Las Vegas, Nevada, USA"
UFC 250: Nunes vs. Spencer,06/06/2020,"Las Vegas, Nevada, USA"
UFC Fight Night: Woodley vs. Burns,05/30/2020,"Las Vegas, Nevada, USA"
UFC Fight Night: Overeem vs. Harris,05/16/2020,"Jacksonville, Florida, USA"
UFC Fight Night: Smith vs. Teixeira,05/13/2020,"Jacksonville, Florida, USA"
UFC 249: Ferguson vs. Gaethje,05/09/2020,"Jacksonville, Florida, USA"
UFC Fight Night: Lee vs. Oliveira,03/14/2020,"Brasilia, Distrito Federal, Brazil"
UFC 248: Adesanya vs. Romero,03/07/2020,"Las Vegas, Nevada, USA"
UFC Fight Night: Benavidez vs. Figueiredo,02/29/2020,"Norfolk, Virginia, USA"
UFC Fight Night: Felder vs. Hooker,02/22/2020,"Auckland, New Zealand"
UFC Fight Night: Anderson vs. Blachowicz,02/15/2020,"Rio Rancho, New Mexico, USA"
UFC 247: Jones vs. Reyes,02/08/2020,"Houston, Texas, USA"
UFC Fight Night: Blaydes vs. Dos Santos,01/25/2020,"Raleigh, North Carolina, USA"
UFC 246: McGregor vs. Cowboy,01/18/2020,"Las Vegas, Nevada, USA"
UFC Fight Night: Edgar vs. The Korean Zombie,12/21/2019,"Busan, South Korea"
UFC 245: Usman vs. Covington,12/14/2019,"Las Vegas, Nevada, USA"
UFC Fight Night: Overeem vs. Rozenstruik,12/07/2019,"Washington, DC, USA"
UFC Fight Night: Blachowicz vs. Jacare,11/16/2019,"Sao Paulo, Sao Paulo, Brazil"
UFC Fight Night: Zabit vs. Kattar,11/09/2019,"Moscow, Moscow, Russia"
UFC 244: Masvidal vs. Diaz,11/02/2019,"New York City, New York, USA"
UFC Fight Night: Maia vs. Askren,10/26/2019,"Kallang, Singapore"
UFC Fight Night: Reyes vs. Weidman,10/18/2019,"Boston, Massachusetts, USA"
UFC Fight Night: Joanna vs. Waterson,10/12/2019,"Tampa, Florida, USA"
UFC 243: Whittaker vs. Adesanya,10/05/2019,"Melbourne, Victoria, Australia"
UFC Fight Night: Hermansson vs. Cannonier,09/28/2019,"Copenhagen, Denmark"
UFC Fight Night: Rodriguez vs. Stephens,09/21/2019,"Mexico City, Distrito Federal, Mexico"
UFC Fight Night: Cowboy vs. Gaethje,09/14/2019,"Vancouver, British Columbia, Canada"
UFC 242: Khabib vs. Poirier,09/07/2019,"Abu Dhabi, Abu Dhabi, United Arab Emirates"
UFC Fight Night: Andrade vs. Zhang,08/31/2019,"Shenzhen, Guangdong, China"
UFC 241: Cormier vs. Miocic 2,08/17/2019,"Anaheim, California, USA"
UFC Fight Night: Shevchenko vs. Carmouche 2,08/10/2019,"Montevideo, Uruguay"
UFC Fight Night: Covington vs. Lawler,08/03/2019,"Newark, New Jersey, USA"
UFC 240: Holloway vs. Edgar,07/27/2019,"Edmonton, Alberta, Canada"
UFC Fight Night: Dos Anjos vs. Edwards,07/20/2019,"San Antonio, Texas, USA"
UFC Fight Night: De Randamie vs. Ladd,07/13/2019,"Sacramento, California, USA"
UFC 239: Jones vs. Santos,07/06/2019,"Las Vegas, Nevada, USA"
UFC Fight Night: Ngannou vs. Dos Santos,06/29/2019,"Minneapolis, Minnesota, USA"
UFC Fight Night: Moicano vs. The Korean Zombie,06/22/2019,"Greenville, South Carolina, USA"
UFC 238: Cejudo vs. Moraes,06/08/2019,"Chicago, Illinois, USA"
UFC Fight Night: Gustafsson vs. Smith,06/01/2019,"Stockholm, Sweden"
UFC Fight Night: Dos Anjos vs. Lee,05/18/2019,"Rochester, New York, USA"
UFC 237: Namajunas vs. Andrade,05/11/2019,"Rio de Janeiro, Rio de Janeiro, Brazil"
UFC Fight Night: Iaquinta vs. Cowboy,05/04/2019,"Ottawa, Ontario, Canada"
UFC Fight Night: Jacare vs. Hermansson,04/27/2019,"Sunrise, Florida, USA"
UFC Fight Night: Overeem vs. Oleinik,04/20/2019,"Saint Petersburg, Saint Petersburg, Russia"
UFC 236: Holloway vs. Poirier 2,04/13/2019,"Atlanta, Georgia, USA"
UFC Fight Night: Barboza vs. Gaethje,03/30/2019,"Philadelphia, Pennsylvania, USA"
UFC Fight Night: Thompson vs. Pettis,03/23/2019,"Nashville, Tennessee, USA"
UFC Fight Night: Till vs. Masvidal,03/16/2019,"London, England, United Kingdom"
UFC Fight Night: Lewis vs. Dos Santos,03/09/2019,"Wichita, Kansas, USA"
UFC 235: Jones vs. Smith,03/02/2019,"Las Vegas, Nevada, USA"
UFC Fight Night: Blachowicz vs. Santos,02/23/2019,"Prague, Czech Republic"
UFC Fight Night: Ngannou vs. Velasquez,02/17/2019,"Phoenix, Arizona, USA"
UFC 234: Adesanya vs. Silva,02/09/2019,"Melbourne, Victoria, Australia"
UFC Fight Night: Assuncao vs. Moraes 2,02/02/2019,"Fortaleza, Ceara, Brazil"
UFC Fight Night: Cejudo vs. Dillashaw,01/19/2019,"Brooklyn, New York, USA"
UFC 232: Jones vs. Gustafsson 2,12/29/2018,"Los Angeles, California, USA"
UFC Fight Night: Lee vs. Iaquinta,12/15/2018,"Milwaukee, Wisconsin, USA"
UFC 231: Holloway vs. Ortega,12/08/2018,"Toronto, Ontario, Canada"
UFC Fight Night: Dos Santos vs. Tuivasa,12/01/2018,"Adelaide, South Australia, Australia"
The Ultimate Fighter: Heavy Hitters Finale,11/30/2018,"Las Vegas, Nevada, USA"
UFC Fight Night: Blaydes vs. Ngannou 2,11/24/2018,"Beijing, China"
UFC Fight Night: Magny vs. Ponzinibbio,11/17/2018,"Buenos Aires, Buenos Aires, Argentina"
UFC Fight Night: Korean Zombie vs. Rodriguez,11/10/2018,"Denver, Colorado, USA"
UFC 230: Cormier vs. Lewis,11/03/2018,"New York City, New York, USA"
UFC Fight Night: Oezdemir vs. Smith,10/27/2018,"Moncton, New Brunswick, Canada"
UFC 229: Khabib vs. McGregor,10/06/2018,"Las Vegas, Nevada, USA"
UFC Fight Night: Marreta vs. Anders,09/22/2018,"Sao Paulo, Sao Paulo, Brazil"
UFC Fight Night: Hunt vs. Oleinik,09/15/2018,"Moscow, Moscow, Russia"
UFC 228: Woodley vs. Till,09/08/2018,"Dallas, Texas, USA"
UFC Fight Night: Gaethje vs. Vick,08/25/2018,"Lincoln, Nebraska, USA"
UFC 227: Dillashaw vs. Garbrandt 2,08/04/2018,"Los Angeles, California, USA"
UFC Fight Night: Alvarez vs. Poirier 2,07/28/2018,"Calgary, Alberta, Canada"
UFC Fight Night: Shogun vs. Smith,07/22/2018,"Hamburg, Hamburg, Germany"
UFC Fight Night: Dos Santos vs. Ivanov,07/14/2018,"Boise, Idaho, USA"
UFC 226: Miocic vs. Cormier,07/07/2018,"Las Vegas, Nevada, USA"
The Ultimate Fighter: Undefeated Finale,07/06/2018,"Las Vegas, Nevada, USA"
UFC Fight Night: Cowboy vs. Edwards,06/23/2018,"Kallang, Singapore"
UFC 225: Whittaker vs. Romero 2,06/09/2018,"Chicago, Illinois, USA"
UFC Fight Night: Rivera vs. Moraes,06/01/2018,"Utica, New York, USA"
UFC Fight Night: Thompson vs. Till,05/27/2018,"Liverpool, England, United Kingdom"
UFC Fight Night: Maia vs. Usman,05/19/2018,"Santiago, Chile"
UFC 224: Nunes vs. Pennington,05/12/2018,"Rio de Janeiro, Rio de Janeiro, Brazil"
UFC Fight Night: Barboza vs. Lee,04/21/2018,"Atlantic City, New Jersey, USA"
UFC Fight Night: Poirier vs. Gaethje,04/14/2018,"Glendale, Arizona, USA"
UFC 223: Khabib vs. Iaquinta,04/07/2018,"Brooklyn, New York, USA"
UFC Fight Night: Werdum vs. Volkov,03/17/2018,"London, England, United Kingdom"
UFC 222: Cyborg vs. Kunitskaya,03/03/2018,"Las Vegas, Nevada, USA"
UFC Fight Night: Emmett vs. Stephens,02/24/2018,"Orlando, Florida, USA"
UFC Fight Night: Cerrone vs. Medeiros,02/18/2018,"Austin, Texas, USA"
UFC 221: Romero vs. Rockhold,02/10/2018,"Perth, Western Australia, Australia"
UFC Fight Night: Machida vs. Anders,02/03/2018,"Belem, Para, Brazil"
UFC Fight Night: Jacare vs. Brunson 2,01/27/2018,"Charlotte, North Carolina, USA"
UFC 220: Miocic vs. Ngannou,01/20/2018,"Boston, Massachusetts, USA"
UFC Fight Night: Stephens vs. Choi,01/14/2018,"St. Louis, Missouri, USA"
UFC 219: Cyborg vs. Holm,12/30/2017,"Las Vegas, Nevada, USA"
UFC Fight Night: Lawler vs. Dos Anjos,12/16/2017,"Winnipeg, Manitoba, Canada"
UFC Fight Night: Swanson vs. Ortega,12/09/2017,"Fresno, California, USA"
UFC 218: Holloway vs. Aldo 2,12/02/2017,"Detroit, Michigan, USA"
The Ultimate Fighter: A New World Champion Finale,12/01/2017,"Las Vegas, Nevada, USA"
UFC Fight Night: Bisping vs. Gastelum,11/25/2017,"Shanghai, Hebei, China"
UFC Fight Night: Werdum vs. Tybura,11/18/2017,"Sydney, New South Wales, Australia"
UFC Fight Night: Poirier vs. Pettis,11/11/2017,"Norfolk, Virginia, USA"
UFC 217: Bisping vs. St-Pierre,11/04/2017,"New York City, New York, USA"
UFC Fight Night: Brunson vs. Machida,10/28/2017,"Sao Paulo, Sao Paulo, Brazil"
UFC Fight Night: Cerrone vs. Till,10/21/2017,"Gdansk, Poland"
UFC 216: Ferguson vs. Lee,10/07/2017,"Las Vegas, Nevada, USA"
UFC Fight Night: Saint Preux vs. Okami,09/22/2017,"Saitama, Saitama, Japan"
UFC Fight Night: Rockhold vs. Branch,09/16/2017,"Pittsburgh, Pennsylvania, USA"
UFC 215: Nunes vs Shevchenko 2,09/09/2017,"Edmonton, Alberta, Canada"
UFC Fight Night: Volkov vs. Struve,09/02/2017,"Rotterdam, Zuid-Holland, Netherlands"
UFC Fight Night: Pettis vs. Moreno,08/05/2017,"Mexico City, Distrito Federal, Mexico"
UFC 214: Cormier vs. Jones 2,07/29/2017,"Anaheim, California, USA"
UFC Fight Night: Weidman vs. Gastelum,07/22/2017,"Uniondale, New York, USA"
UFC Fight Night: Nelson vs. Ponzinibbio,07/16/2017,"Glasgow, Scotland, United Kingdom"
UFC 213: Romero vs. Whittaker,07/08/2017,"Las Vegas, Nevada, USA"
The Ultimate Fighter: Redemption Finale,07/07/2017,"Las Vegas, Nevada, USA"
UFC Fight Night: Chiesa vs. Lee,06/25/2017,"Oklahoma City, Oklahoma, USA"
UFC Fight Night: Holm vs. Correia,06/17/2017,"Kallang, Singapore"
UFC Fight Night: Lewis vs. Hunt,06/10/2017,"Auckland, New Zealand"
UFC 212: Aldo vs. Holloway,06/03/2017,"Rio de Janeiro, Rio de Janeiro, Brazil"
UFC Fight Night: Gustafsson vs. Teixeira,05/28/2017,"Stockholm, Sweden"
UFC 211: Miocic vs. Dos Santos,05/13/2017,"Dallas, Texas, USA"
UFC Fight Night: Swanson vs. Lobov,04/22/2017,"Nashville, Tennessee, USA"
UFC on FOX: Johnson vs. Reis,04/15/2017,"Kansas City, Missouri, USA"
UFC 210: Cormier vs. Johnson 2,04/08/2017,"Buffalo, New York, USA"
UFC Fight Night: Manuwa vs. Anderson,03/18/2017,"London, England, United Kingdom"
UFC Fight Night: Belfort vs. Gastelum,03/11/2017,"Fortaleza, Ceara, Brazil"
UFC 209: Woodley vs. Thompson 2,03/04/2017,"Las Vegas, Nevada, USA"
UFC Fight Night: Lewis vs. Browne,02/19/2017,"Halifax, Nova Scotia, Canada"
UFC 208: Holm vs. De Randamie,02/11/2017,"Brooklyn, New York, USA"
UFC Fight Night: Bermudez vs. The Korean Zombie,02/04/2017,"Houston, Texas, USA"
UFC on FOX: Shevchenko vs. Pena,01/28/2017,"Denver, Colorado, USA"
UFC Fight Night: Rodriguez vs. Penn,01/15/2017,"Phoenix, Arizona, USA"
UFC 207: Nunes vs. Rousey,12/30/2016,"Las Vegas, Nevada, USA"
UFC on FOX: VanZant vs. Waterson,12/17/2016,"Sacramento, California, USA"
UFC 206: Holloway vs. Pettis,12/10/2016,"Toronto, Ontario, Canada"
UFC Fight Night: Lewis vs. Abdurakhimov,12/09/2016,"Albany, New York, USA"
The Ultimate Fighter: Tournament of Champions Finale,12/03/2016,"Las Vegas, Nevada, USA"
UFC Fight Night: Whittaker vs. Brunson,11/26/2016,"Melbourne, Victoria, Australia"
UFC Fight Night: Bader vs. Nogueira,11/19/2016,"Sao Paulo, Sao Paulo, Brazil"
UFC Fight Night: Mousasi vs. Hall 2,11/19/2016,"Belfast, Northern Ireland, United Kingdom"
UFC 205: Alvarez vs McGregor,11/12/2016,"New York City, New York, USA"
UFC Fight Night: Dos Anjos vs. Ferguson,11/05/2016,"Mexico City, Distrito Federal, Mexico"
UFC 204: Bisping vs. Henderson,10/08/2016,"Manchester, England, United Kingdom"
UFC Fight Night: Lineker vs. Dodson,10/01/2016,"Portland, Oregon, USA"
UFC Fight Night: Cyborg vs. Lansberg,09/24/2016,"Brasilia, Distrito Federal, Brazil"
UFC Fight Night: Poirier vs. Johnson,09/17/2016,"Hidalgo, Texas, USA"
UFC 203: Miocic vs. Overeem,09/10/2016,"Cleveland, Ohio, USA"
UFC Fight Night: Arlovski vs. Barnett,09/03/2016,"Hamburg, Hamburg, Germany"
UFC on FOX: Maia vs. Condit,08/27/2016,"Vancouver, British Columbia, Canada"
UFC 202: Diaz vs. McGregor 2,08/20/2016,"Las Vegas, Nevada, USA"
UFC Fight Night: Rodriguez vs. Caceres,08/06/2016,"Salt Lake City, Utah, USA"
UFC 201: Lawler vs. Woodley,07/30/2016,"Atlanta, Georgia, USA"
UFC on FOX: Holm vs. Shevchenko,07/23/2016,"Chicago, Illinois, USA"
UFC Fight Night: McDonald vs. Lineker,07/13/2016,"Sioux Falls, South Dakota, USA"
UFC 200: Tate vs Nunes,07/09/2016,"Las Vegas, Nevada, USA"
The Ultimate Fighter: Team Joanna vs. Team Cláudia Finale,07/08/2016,"Las Vegas, Nevada, USA"
UFC Fight Night: Dos Anjos vs. Alvarez,07/07/2016,"Las Vegas, Nevada, USA"
UFC Fight Night: MacDonald vs Thompson,06/18/2016,"Ottawa, Ontario, Canada"
UFC 199: Rockhold vs. Bisping 2,06/04/2016,"Los Angeles, California, USA"
UFC Fight Night: Almeida vs Garbrandt,05/29/2016,"Las Vegas, Nevada, USA"
UFC 198: Werdum vs Miocic,05/14/2016,"Curitiba, Parana, Brazil"
UFC Fight Night: Overeem vs Arlovski,05/08/2016,"Rotterdam, Zuid-Holland, Netherlands"
UFC 197: Jones vs Saint Preux,04/23/2016,"Las Vegas, Nevada, USA"
UFC on FOX: Teixeira vs Evans,04/16/2016,"Tampa, Florida, USA"
UFC Fight Night: Rothwell vs Dos Santos,04/10/2016,"Zagreb, Croatia"
UFC Fight Night: Hunt vs Mir,03/19/2016,"Brisbane, Queensland, Australia"
UFC 196: McGregor vs Diaz,03/05/2016,"Las Vegas, Nevada, USA"
UFC Fight Night: Silva vs Bisping,02/27/2016,"London, England, United Kingdom"
UFC Fight Night: Cowboy vs Cowboy,02/21/2016,"Pittsburgh, Pennsylvania, USA"
UFC Fight Night: Hendricks vs Thompson,02/06/2016,"Las Vegas, Nevada, USA"
UFC on FOX: Johnson vs. Bader,01/30/2016,"Newark, New Jersey, USA"
UFC Fight Night: Dillashaw vs Cruz,01/17/2016,"Boston, Massachusetts, USA"
UFC 195: Lawler vs Condit,01/02/2016,"Las Vegas, Nevada, USA"
UFC on FOX: Dos Anjos vs. Cowboy 2,12/19/2015,"Orlando, Florida, USA"
UFC 194: Aldo vs McGregor,12/12/2015,"Las Vegas, Nevada, USA"
The Ultimate Fighter: Team McGregor vs. Team Faber Finale,12/11/2015,"Las Vegas, Nevada, USA"
UFC Fight Night: Namajunas vs. VanZant,12/10/2015,"Las Vegas, Nevada, USA"
UFC Fight Night: Henderson vs Masvidal,11/28/2015,"Seoul, South Korea"
UFC Fight Night: Magny vs Gastelum,11/21/2015,"Monterrey, Nuevo Leon, Mexico"
UFC 193: Rousey vs Holm,11/14/2015,"Melbourne, Victoria, Australia"
UFC Fight Night: Belfort vs Henderson 3,11/07/2015,"Sao Paulo, Sao Paulo, Brazil"
UFC Fight Night: Holohan vs Smolka,10/24/2015,"Dublin, Leinster, Ireland"
UFC 192: Cormier vs Gustafsson,10/03/2015,"Houston, Texas, USA"
UFC Fight Night: Barnett vs Nelson,09/26/2015,"Saitama, Japan"
UFC 191: Johnson vs Dodson 2,09/05/2015,"Las Vegas, Nevada, USA"
UFC Fight Night: Holloway vs Oliveira,08/23/2015,"Saskatoon, Saskatchewan, Canada"
UFC Fight Night: Teixeira vs Saint Preux,08/08/2015,"Nashville, Tennessee, USA"
UFC 190: Rousey vs Correia,08/01/2015,"Rio de Janeiro, Rio de Janeiro, Brazil"
UFC on FOX: Dillashaw vs. Barao II,07/25/2015,"Chicago, Illinois, USA"
UFC Fight Night: Bisping vs Leites,07/18/2015,"Glasgow, Scotland, United Kingdom"
UFC Fight Night: Mir vs Duffee,07/15/2015,"San Diego, California, USA"
The Ultimate Fighter: American Top Team vs. Blackzilians Finale,07/12/2015,"Las Vegas, Nevada, USA"
UFC 189: Mendes vs McGregor,07/11/2015,"Las Vegas, Nevada, USA"
UFC Fight Night: Machida vs Romero,06/27/2015,"Hollywood, Florida, USA"
UFC Fight Night: Jedrzejczyk vs Penne,06/20/2015,"Berlin, Berlin, Germany"
UFC 188: Velasquez vs Werdum,06/13/2015,"Mexico City, Distrito Federal, Mexico"
UFC Fight Night: Boetsch vs Henderson,06/06/2015,"New Orleans, Louisiana, USA"
UFC Fight Night: Condit vs Alves,05/30/2015,"Goiania, Goias, Brazil"
UFC 187: Johnson vs Cormier,05/23/2015,"Las Vegas, Nevada, USA"
UFC Fight Night: Edgar vs Faber,05/16/2015,"Manila, Philippines"
UFC Fight Night: Miocic vs Hunt,05/09/2015,"Adelaide, South Australia, Australia"
UFC 186: Johnson vs Horiguchi,04/25/2015,"Montreal, Quebec, Canada"
UFC on FOX: Machida vs Rockhold,04/18/2015,"Newark, New Jersey, USA"
UFC Fight Night: Gonzaga vs Cro Cop 2,04/11/2015,"Krakow, Poland"
UFC Fight Night: Mendes vs Lamas,04/04/2015,"Fairfax, Virginia, USA"
UFC Fight Night: Maia vs LaFlare,03/21/2015,"Rio de Janeiro, Brazil"
UFC 185: Pettis vs Dos Anjos,03/14/2015,"Dallas, Texas, USA"
UFC 184: Rousey vs Zingano,02/28/2015,"Los Angeles, California, USA"
UFC Fight Night: Bigfoot vs Mir,02/22/2015,"Porto Alegre, Rio Grande do Sul, Brazil"
UFC Fight Night: Henderson vs Thatch,02/14/2015,"Broomfield, Colorado, USA"
UFC 183: Silva vs Diaz,01/31/2015,"Las Vegas, Nevada, USA"
UFC on FOX: Gustafsson vs Johnson,01/24/2015,"Stockholm, Sweden"
UFC Fight Night: McGregor vs Siver,01/18/2015,"Boston, Massachusetts, USA"
UFC 182: Jones vs Cormier,01/03/2015,"Las Vegas, Nevada, USA"
UFC Fight Night: Machida vs Dollaway,12/20/2014,"Barueri, Sao Paulo, Brazil"
UFC on FOX: Dos Santos vs Miocic,12/13/2014,"Phoenix, Arizona, USA"
The Ultimate Fighter: A Champion Will Be Crowned Finale,12/12/2014,"Las Vegas, Nevada, USA"
UFC 181: Hendricks vs Lawler II,12/06/2014,"Las Vegas, Nevada, USA"
UFC Fight Night: Edgar vs Swanson,11/22/2014,"Austin, Texas, USA"
UFC 180: Werdum vs Hunt,11/15/2014,"Mexico City, Distrito Federal, Mexico"
UFC Fight Night 56: Shogun vs Saint Preux,11/08/2014,"Uberlandia, Minas Gerais, Brazil"
UFC Fight Night: Rockhold vs Bisping,11/07/2014,"Sydney, New South Wales, Australia"
UFC 179: Aldo vs Mendes 2,10/25/2014,"Rio de Janeiro, Brazil"
UFC Fight Night: MacDonald vs Saffiedine,10/04/2014,"Halifax, Nova Scotia, Canada"
UFC Fight Night: Nelson vs Story,10/04/2014,"Stockholm, Sweden"
UFC 178: Johnson vs Cariaso,09/27/2014,"Las Vegas, Nevada, USA"
UFC Fight Night: Hunt vs Nelson,09/20/2014,"Saitama, Japan"
UFC Fight Night: Bigfoot vs Arlovski,09/13/2014,"Brasilia, Distrito Federal, Brazil"
UFC Fight Night: Jacare vs Mousasi,09/05/2014,"Ledyard, Connecticut, USA"
UFC 177: Dillashaw vs Soto,08/30/2014,"Sacramento, California, USA"
UFC Fight Night: Henderson vs Dos Anjos,08/23/2014,"Tulsa, Oklahoma, USA"
UFC Fight Night: Bisping vs Le,08/23/2014,"Macau, China"
UFC Fight Night: Bader vs Saint Preux,08/16/2014,"Bangor, Maine, USA"
UFC on FOX: Lawler vs Brown,07/26/2014,"San Jose, California, USA"
UFC Fight Night: McGregor vs Brandao,07/19/2014,"Dublin, Leinster, Ireland"
UFC Fight Night: Cowboy vs Miller,07/16/2014,"Atlantic City, New Jersey, USA"
The Ultimate Fighter: Team Edgar vs. Team Penn Finale,07/06/2014,"Las Vegas, Nevada, USA"
UFC 175: Weidman vs Machida,07/05/2014,"Las Vegas, Nevada, USA"
UFC Fight Night: Swanson vs Stephens,06/28/2014,"San Antonio, Texas, USA"
UFC Fight Night: Te Huna vs Marquardt,06/28/2014,"Auckland, New Zealand"
UFC 174: Johnson vs Bagautinov,06/14/2014,"Vancouver, British Columbia, Canada"
UFC Fight Night: Henderson vs Khabilov,06/07/2014,"Albuquerque, New Mexico, USA"
UFC Fight Night: Miocic vs Maldonado,05/31/2014,"Sao Paulo, Brazil"
UFC Fight Night: Munoz vs Mousasi,05/31/2014,"Berlin, Germany"
UFC 173: Barao vs Dillashaw,05/24/2014,"Las Vegas, Nevada, USA"
UFC Fight Night: Brown vs Silva,05/10/2014,"Cincinnati, Ohio, USA"
UFC 172: Jones vs Teixeira,04/26/2014,"Baltimore, Maryland, USA"
UFC on FOX: Werdum vs Browne,04/19/2014,"Orlando, Florida, USA"
UFC Fight Night: Bisping vs Kennedy,04/16/2014,"Quebec City, Quebec, Canada"
UFC Fight Night: Minotauro vs Nelson,04/11/2014,"Abu Dhabi, United Arab Emirates"
UFC Fight Night: Shogun vs Henderson 2,03/23/2014,"Natal, Rio Grande do Norte, Brazil"
UFC 171: Hendricks vs Lawler,03/15/2014,"Dallas, Texas, USA"
UFC Fight Night: Gustafsson vs Manuwa,03/08/2014,"London, England, United Kingdom"
UFC Fight Night: Kim vs Hathaway,03/01/2014,"Macau, China"
UFC 170: Rousey vs McMann,02/22/2014,"Las Vegas, Nevada, USA"
UFC Fight Night: Machida vs Mousasi,02/15/2014,"Jaragua do Sul, Santa Catarina, Brazil"
UFC 169: Barao vs Faber 2,02/01/2014,"Newark, New Jersey, USA"
UFC on FOX: Henderson vs Thomson,01/25/2014,"Chicago, Illinois, USA"
UFC Fight Night: Rockhold vs Philippou,01/15/2014,"Duluth, Georgia, USA"
UFC Fight Night: Saffiedine vs Lim,01/04/2014,"Singapore, Singapore"
UFC 168: Weidman vs Silva 2,12/28/2013,"Las Vegas, Nevada, USA"
UFC on FOX: Johnson vs. Benavidez 2,12/14/2013,"Sacramento, California, USA"
UFC Fight Night: Hunt vs Bigfoot,12/06/2013,"Brisbane, Queensland, Australia"
The Ultimate Fighter: Team Rousey vs. Team Tate Finale,11/30/2013,"Las Vegas, Nevada, USA"
UFC 167: St-Pierre vs Hendricks,11/16/2013,"Las Vegas, Nevada, USA"
UFC Fight Night: Belfort vs Henderson 2,11/09/2013,"Goiania, Goias, Brazil"
UFC Fight Night: Fight for the Troops 3,11/06/2013,"Fort Campbell, Kentucky, USA"
UFC Fight Night: Machida vs Munoz,10/26/2013,"Manchester, England, United Kingdom"
UFC 166: Velasquez vs Dos Santos 3,10/19/2013,"Houston, Texas, USA"
UFC Fight Night: Maia vs Shields,10/09/2013,"Barueri, Sao Paulo, Brazil"
UFC 165: Jones vs Gustafsson,09/21/2013,"Toronto, Ontario, Canada"
UFC Fight Night: Teixeira vs Bader,09/04/2013,"Belo Horizonte, Minas Gerais, Brazil"
UFC 164: Henderson vs Pettis 2,08/31/2013,"Milwaukee, Wisconsin, USA"
UFC Fight Night: Condit vs Kampmann 2,08/28/2013,"Indianapolis, Indiana, USA"
UFC Fight Night: Shogun vs Sonnen,08/17/2013,"Boston, Massachusetts, USA"
UFC 163: Aldo vs Jung,08/03/2013,"Rio de Janeiro, Brazil"
UFC on FOX: Johnson vs Moraga,07/27/2013,"Seattle, Washington, USA"
UFC 162: Silva vs Weidman,07/06/2013,"Las Vegas, Nevada, USA"
UFC 161: Evans vs Henderson,06/15/2013,"Winnipeg, Manitoba, Canada"
UFC on FUEL TV: Nogueira vs. Werdum,06/08/2013,"Fortaleza, Ceara, Brazil"
UFC 160: Velasquez vs Silva 2,05/25/2013,"Las Vegas, Nevada, USA"
UFC on FX: Belfort vs. Rockhold,05/18/2013,"Jaragua do Sul, Santa Catarina, Brazil"
UFC 159: Jones vs Sonnen,04/27/2013,"Newark, New Jersey, USA"
UFC on FOX: Henderson vs Melendez,04/20/2013,"San Jose, California, USA"
The Ultimate Fighter: Team Jones vs. Team Sonnen Finale,04/13/2013,"Las Vegas, Nevada, USA"
UFC on FUEL TV: Mousasi vs Latifi,04/06/2013,"Stockholm, Sweden"
UFC 158: St-Pierre vs Diaz,03/16/2013,"Montreal, Quebec, Canada"
UFC on FUEL TV: Silva vs. Stann,03/02/2013,"Saitama, Japan"
UFC 157: Rousey vs Carmouche,02/23/2013,"Anaheim, California, USA"
UFC on FUEL TV: Barao vs McDonald,02/16/2013,"London, England, United Kingdom"
UFC 156: Aldo vs Edgar,02/02/2013,"Las Vegas, Nevada, USA"
UFC on FOX: Johnson vs Dodson,01/26/2013,"Chicago, Illinois, USA"
UFC on FX: Belfort vs Bisping,01/19/2013,"Sao Paulo, Brazil"
UFC 155: Dos Santos vs Velasquez II,12/29/2012,"Las Vegas, Nevada, USA"
The Ultimate Fighter: Team Carwin vs. Team Nelson Finale,12/15/2012,"Las Vegas, Nevada, USA"
UFC on FX: Sotiropoulos vs Pearson,12/14/2012,"Gold Coast, Queensland, Australia"
UFC on FOX: Henderson vs Diaz,12/08/2012,"Seattle, Washington, USA"
UFC 154: St-Pierre vs Condit,11/17/2012,"Montreal, Quebec, Canada"
UFC Macao: Franklin vs Le,11/10/2012,"Macau, China"
UFC 153: Silva vs Bonnar,10/13/2012,"Rio de Janeiro, Brazil"
UFC on FX: Browne vs Bigfoot,10/05/2012,"Minneapolis, Minnesota, USA"
UFC on FUEL TV: Struve vs Miocic,09/29/2012,"Nottingham, England, United Kingdom"
UFC 152: Jones vs Belfort,09/22/2012,"Toronto, Ontario, Canada"
UFC 150: Henderson vs Edgar II,08/11/2012,"Denver, Colorado, USA"
UFC on FOX: Shogun vs Vera,08/04/2012,"Los Angeles, California, USA"
UFC 149: Faber vs Barao,07/21/2012,"Calgary, Alberta, Canada"
UFC on FUEL TV: Munoz vs Weidman,07/11/2012,"San Jose, California, USA"
UFC 148: Silva vs Sonnen 2,07/07/2012,"Las Vegas, Nevada, USA"
UFC 147: Silva vs Franklin 2,06/23/2012,"Belo Horizonte, Minas Gerais, Brazil"
UFC on FX: Maynard vs Guida,06/22/2012,"Atlantic City, New Jersey, USA"
UFC on FX: Johnson vs McCall,06/08/2012,"Sunrise, Florida, USA"
The Ultimate Fighter: Live Finale,06/01/2012,"Las Vegas, Nevada, USA"
UFC 146: Dos Santos vs Mir,05/26/2012,"Las Vegas, Nevada, USA"
UFC on FUEL TV: Korean Zombie vs Poirier,05/15/2012,"Fairfax, Virginia, USA"
UFC on FOX: Diaz vs Miller,05/05/2012,"East Rutherford, New Jersey, USA"
UFC 145: Jones vs Evans,04/21/2012,"Atlanta, Georgia, USA"
UFC on FUEL TV: Gustafsson vs Silva,04/14/2012,"Stockholm, Sweden"
UFC on FX: Alves vs Kampmann,03/02/2012,"Sydney, New South Wales, Australia"
UFC 144: Edgar vs Henderson,02/25/2012,"Saitama, Japan"
UFC on FUEL TV: Sanchez vs Ellenberger,02/15/2012,"Omaha, Nebraska, USA"
UFC 143: Diaz vs Condit,02/04/2012,"Las Vegas, Nevada, USA"
UFC on FOX: Evans vs Davis,01/28/2012,"Chicago, Illinois, USA"
UFC on FX: Guillard vs Miller,01/20/2012,"Nashville, Tennessee, USA"
UFC 142: Aldo vs Mendes,01/14/2012,"Rio de Janeiro, Brazil"
UFC 141: Lesnar vs Overeem,12/30/2011,"Las Vegas, Nevada, USA"
UFC 140: Jones vs Machida,12/10/2011,"Toronto, Ontario, Canada"
The Ultimate Fighter: Team Bisping vs Team Miller Finale,12/03/2011,"Las Vegas, Nevada, USA"
UFC 139: Shogun vs Henderson,11/19/2011,"San Jose, California, USA"
UFC on FOX: Velasquez vs Dos Santos,11/12/2011,"Anaheim, California, USA"
UFC 138: Leben vs Munoz,11/05/2011,"Birmingham, England, United Kingdom"
UFC 137: Penn vs Diaz,10/29/2011,"Las Vegas, Nevada, USA"
UFC 136: Edgar vs Maynard 3,10/08/2011,"Houston, Texas, USA"
UFC Live: Cruz vs Johnson,10/01/2011,"Washington, DC, USA"
UFC 135: Jones vs Rampage,09/24/2011,"Denver, Colorado, USA"
UFC Fight Night: Shields vs Ellenberger,09/17/2011,"New Orleans, Louisiana, USA"
UFC 134: Silva vs Okami,08/27/2011,"Rio de Janeiro, Brazil"
UFC Live: Hardy vs Lytle,08/14/2011,"Milwaukee, Wisconsin, USA"
UFC 133: Evans vs Ortiz 2,08/06/2011,"Philadelphia, Pennsylvania, USA"
UFC 132: Cruz vs Faber,07/02/2011,"Las Vegas, Nevada, USA"
UFC Live: Kongo vs Barry,06/26/2011,"Pittsburgh, Pennsylvania, USA"
UFC 131: Dos Santos vs Carwin,06/11/2011,"Vancouver, British Columbia, Canada"
The Ultimate Fighter: Team Lesnar vs Team dos Santos Finale,06/04/2011,"Las Vegas, Nevada, USA"
UFC 130: Rampage vs Hamill,05/28/2011,"Las Vegas, Nevada, USA"
UFC 129: St-Pierre vs Shields,04/30/2011,"Toronto, Ontario, Canada"
UFC Fight Night: Nogueira vs Davis,03/26/2011,"Seattle, Washington, USA"
UFC 128: Shogun vs Jones,03/19/2011,"Newark, New Jersey, USA"
UFC Live: Sanchez vs Kampmann,03/03/2011,"Louisville, Kentucky, USA"
UFC 127: Penn vs Fitch,02/26/2011,"Sydney, New South Wales, Australia"
UFC 126: Silva vs Belfort,02/05/2011,"Las Vegas, Nevada, USA"
UFC Fight Night: Fight for the Troops 2,01/22/2011,"Killeen, Texas, USA"
UFC 125: Resolution,01/01/2011,"Las Vegas, Nevada, USA"
UFC 124: St-Pierre vs Koscheck 2,12/11/2010,"Montreal, Quebec, Canada"
The Ultimate Fighter: Team GSP vs Team Koscheck Finale,12/04/2010,"Las Vegas, Nevada, USA"
UFC 123: Rampage vs Machida,11/20/2010,"Auburn Hills, Michigan, USA"
UFC 122: Marquardt vs Okami,11/13/2010,"Oberhausen, North Rhine-Westphalia, Germany"
UFC 121: Lesnar vs Velasquez,10/23/2010,"Anaheim, California, USA"
UFC 120: Bisping vs Akiyama,10/16/2010,"London, England, United Kingdom"
UFC 119: Mir vs Cro Cop,09/25/2010,"Indianapolis, Indiana, USA"
UFC Fight Night: Marquardt vs Palhares,09/15/2010,"Austin, Texas, USA"
UFC 118: Edgar vs Penn 2,08/28/2010,"Boston, Massachusetts, USA"
UFC 117: Silva vs Sonnen,08/07/2010,"Oakland, California, USA"
UFC Live: Jones vs Matyushenko,08/01/2010,"San Diego, California, USA"
UFC 116: Lesnar vs Carwin,07/03/2010,"Las Vegas, Nevada, USA"
The Ultimate Fighter: Team Liddell vs Team Ortiz Finale,06/19/2010,"Las Vegas, Nevada, USA"
UFC 115: Liddell vs Franklin,06/12/2010,"Vancouver, British Columbia, Canada"
UFC 114: Rampage vs Evans,05/29/2010,"Las Vegas, Nevada, USA"
UFC 113: Machida vs Shogun 2,05/08/2010,"Montreal, Quebec, Canada"
UFC 112: Invincible,04/10/2010,"Abu Dhabi, United Arab Emirates"
UFC Fight Night: Florian vs Gomi,03/31/2010,"Charlotte, North Carolina, USA"
UFC 111: St-Pierre vs Hardy,03/27/2010,"Newark, New Jersey, USA"
UFC Live: Vera vs Jones,03/21/2010,"Broomfield, Colorado, USA"
UFC 110: Nogueira vs Velasquez,02/20/2010,"Sydney, New South Wales, Australia"
UFC 109: Relentless,02/06/2010,"Las Vegas, Nevada, USA"
UFC Fight Night: Maynard vs Diaz,01/11/2010,"Fairfax, Virginia, USA"
UFC 108: Evans vs Silva,01/02/2010,"Las Vegas, Nevada, USA"
UFC 107: Penn vs Sanchez,12/12/2009,"Memphis, Tennessee, USA"
The Ultimate Fighter: Heavyweights Finale,12/05/2009,"Las Vegas, Nevada, USA"
UFC 106: Ortiz vs Griffin 2,11/21/2009,"Las Vegas, Nevada, USA"
UFC 105: Couture vs Vera,11/14/2009,"Manchester, England, United Kingdom"
UFC 104: Machida vs Shogun,10/24/2009,"Los Angeles, California, USA"
UFC 103: Franklin vs Belfort,09/19/2009,"Dallas, Texas, USA"
UFC Fight Night: Diaz vs Guillard,09/16/2009,"Oklahoma City, Oklahoma, USA"
UFC 102: Couture vs Nogueira,08/29/2009,"Portland, Oregon, USA"
UFC 101: Declaration,08/08/2009,"Philadelphia, Pennsylvania, USA"
UFC 100,07/11/2009,"Las Vegas, Nevada, USA"
The Ultimate Fighter: United States vs. United Kingdom Finale,06/20/2009,"Las Vegas, Nevada, USA"
UFC 99: The Comeback,06/13/2009,"Cologne, North Rhine-Westphalia, Germany"
UFC 98: Evans vs Machida,05/23/2009,"Las Vegas, Nevada, USA"
UFC 97: Redemption,04/18/2009,"Montreal, Quebec, Canada"
UFC Fight Night: Condit vs Kampmann,04/01/2009,"Nashville, Tennessee, USA"
UFC 96: Jackson vs Jardine,03/07/2009,"Columbus, Ohio, USA"
UFC 95: Sanchez vs Stevenson,02/21/2009,"London, England, United Kingdom"
UFC Fight Night: Lauzon vs Stephens,02/07/2009,"Tampa, Florida, USA"
UFC 94: St-Pierre vs Penn 2,01/31/2009,"Las Vegas, Nevada, USA"
UFC 93: Franklin vs Henderson,01/17/2009,"Dublin, Leinster, Ireland"
UFC 92: The Ultimate 2008,12/27/2008,"Las Vegas, Nevada, USA"
The Ultimate Fighter: Team Nogueira vs. Team Mir Finale,12/13/2008,"Las Vegas, Nevada, USA"
UFC Fight Night - Fight for the Troops,12/10/2008,"Fayetteville, North Carolina, USA"
UFC 91: Couture vs Lesnar,11/15/2008,"Las Vegas, Nevada, USA"
UFC 90: Silva vs Cote,10/25/2008,"Rosemont, Illinois, USA"
UFC 89: Bisping vs Leben,10/18/2008,"Birmingham, England, United Kingdom"
UFC Fight Night: Diaz vs Neer,09/17/2008,"Omaha, Nebraska, USA"
UFC 88: Breakthrough,09/06/2008,"Atlanta, Georgia, USA"
UFC 87: Seek And Destroy,08/09/2008,"Minneapolis, Minnesota, USA"
UFC: Silva vs Irvin,07/19/2008,"Las Vegas, Nevada, USA"
UFC 86: Jackson vs Griffin,07/05/2008,"Las Vegas, Nevada, USA"
The Ultimate Fighter: Team Rampage vs Team Forrest Finale,06/21/2008,"Las Vegas, Nevada, USA"
UFC 85: Bedlam,06/07/2008,"London, England, United Kingdom"
UFC 84: Ill Will,05/24/2008,"Las Vegas, Nevada, USA"
UFC 83: Serra vs St-Pierre 2,04/19/2008,"Montreal, Quebec, Canada"
UFC Fight Night: Florian vs Lauzon,04/02/2008,"Broomfield, Colorado, USA"
UFC 82: Pride of a Champion,03/01/2008,"Columbus, Ohio, USA"
UFC 81: Breaking Point,02/02/2008,"Las Vegas, Nevada, USA"
UFC Fight Night: Swick vs Burkman,01/23/2008,"Las Vegas, Nevada, USA"
UFC 80: Rapid Fire,01/19/2008,"Newcastle, England, United Kingdom"
UFC 79: Nemesis,12/29/2007,"Las Vegas, Nevada, USA"
The Ultimate Fighter: Team Hughes vs. Team Serra Finale,12/08/2007,"Las Vegas, Nevada, USA"
UFC 78: Validation,11/17/2007,"Newark, New Jersey, USA"
UFC 77: Hostile Territory,10/20/2007,"Cincinnati, Ohio, USA"
UFC 76: Knockout,09/22/2007,"Anaheim, California, USA"
UFC Fight Night: Thomas vs Florian,09/19/2007,"Las Vegas, Nevada, USA"
UFC 75: Champion vs Champion,09/08/2007,"London, England, United Kingdom"
UFC 74: Respect,08/25/2007,"Las Vegas, Nevada, USA"
UFC 73: Stacked,07/07/2007,"Sacramento, California, USA"
The Ultimate Fighter: Team Pulver vs. Team Penn Finale,06/23/2007,"Las Vegas, Nevada, USA"
UFC 72: Victory,06/16/2007,"Belfast, Northern Ireland, United Kingdom"
UFC Fight Night: Stout vs Fisher,06/12/2007,"Hollywood, Florida, USA"
UFC 71: Liddell vs Jackson,05/26/2007,"Las Vegas, Nevada, USA"
UFC 70: Nations Collide,04/21/2007,"Manchester, England, United Kingdom"
UFC 69: Shootout,04/07/2007,"Houston, Texas, USA"
UFC Fight Night: Stevenson vs Guillard,04/05/2007,"Las Vegas, Nevada, USA"
UFC 68: The Uprising,03/03/2007,"Columbus, Ohio, USA"
UFC 67: All or Nothing,02/03/2007,"Las Vegas, Nevada, USA"
UFC Fight Night: Evans vs Salmon,01/25/2007,"Hollywood, Florida, USA"
UFC 66: Liddell vs Ortiz 2,12/30/2006,"Las Vegas, Nevada, USA"
UFC Fight Night: Sanchez vs Riggs,12/13/2006,"San Diego, California, USA"
UFC 65: Bad Intentions,11/18/2006,"Sacramento, California, USA"
The Ultimate Fighter: The Comeback Finale,11/11/2006,"Las Vegas, Nevada, USA"
UFC 64: Unstoppable,10/14/2006,"Las Vegas, Nevada, USA"
Ortiz vs Shamrock 3: The Final Chapter,10/10/2006,"Hollywood, Florida, USA"
UFC 63: Hughes vs Penn,09/23/2006,"Anaheim, California, USA"
UFC 62: Liddell vs Sobral,08/26/2006,"Las Vegas, Nevada, USA"
UFC Fight Night 6,08/17/2006,"Las Vegas, Nevada, USA"
UFC 61: Bitter Rivals,07/08/2006,"Las Vegas, Nevada, USA"
UFC Fight Night 5,06/28/2006,"Las Vegas, Nevada, USA"
The Ultimate Fighter: Team Ortiz vs. Team Shamrock Finale,06/24/2006,"Las Vegas, Nevada, USA"
UFC 60: Hughes vs Gracie,05/27/2006,"Los Angeles, California, USA"
UFC 59: Reality Check,04/15/2006,"Anaheim, California, USA"
UFC Fight Night 4,04/06/2006,"Las Vegas, Nevada, USA"
UFC 58: USA vs Canada,03/04/2006,"Las Vegas, Nevada, USA"
UFC 57: Liddell vs Couture 3,02/04/2006,"Las Vegas, Nevada, USA"
UFC Fight Night 3,01/16/2006,"Las Vegas, Nevada, USA"
UFC 56: Full Force,11/19/2005,"Las Vegas, Nevada, USA"
The Ultimate Fighter: Team Hughes vs. Team Franklin Finale,11/05/2005,"Las Vegas, Nevada, USA"
UFC 55: Fury,10/07/2005,"Uncasville, Connecticut, USA"
UFC Fight Night 2,10/03/2005,"Las Vegas, Nevada, USA"
UFC 54: Boiling Point,08/20/2005,"Las Vegas, Nevada, USA"
UFC Fight Night 1,08/06/2005,"Las Vegas, Nevada, USA"
UFC 53: Heavy Hitters,06/04/2005,"Atlantic City, New Jersey, USA"
UFC 52: Couture vs Liddell 2,04/16/2005,"Las Vegas, Nevada, USA"
The Ultimate Fighter: Team Couture vs. Team Liddell Finale,04/09/2005,"Las Vegas, Nevada, USA"
UFC 51: Super Saturday,02/05/2005,"Las Vegas, Nevada, USA"
UFC 50: The War Of '04,10/22/2004,"Atlantic City, New Jersey, USA"
UFC 49: Unfinished Business,08/21/2004,"Las Vegas, Nevada, USA"
UFC 48: Payback,06/19/2004,"Las Vegas, Nevada, USA"
UFC 47: It's On!,04/02/2004,"Las Vegas, Nevada, USA"
UFC 46: Supernatural,01/31/2004,"Las Vegas, Nevada, USA"
UFC 45: Revolution,11/21/2003,"Uncasville, Connecticut, USA"
UFC 44: Undisputed,09/26/2003,"Las Vegas, Nevada, USA"
UFC 43: Meltdown,06/06/2003,"Las Vegas, Nevada, USA"
UFC 42: Sudden Impact,04/25/2003,"Miami, Florida, USA"
UFC 41: Onslaught,02/28/2003,"Atlantic City, New Jersey, USA"
UFC 40: Vendetta,11/22/2002,"Las Vegas, Nevada, USA"
UFC 39: The Warriors Return,09/27/2002,"Uncasville, Connecticut, USA"
UFC 38: Brawl at the Hall,07/13/2002,"London, England, United Kingdom"
UFC 37.5: As Real As It Gets,06/22/2002,"Las Vegas, Nevada, USA"
UFC 37: High Impact,05/10/2002,"Bossier City, Louisiana, USA"
UFC 36: Worlds Collide,03/22/2002,"Las Vegas, Nevada, USA"
UFC 35: Throwdown,01/11/2002,"Uncasville, Connecticut, USA"
UFC 34: High Voltage,11/02/2001,"Las Vegas, Nevada, USA"
UFC 33: Victory in Vegas,09/28/2001,"Las Vegas, Nevada, USA"
UFC 32: Showdown in the Meadowlands,06/29/2001,"East Rutherford, New Jersey, USA"
UFC 31: Locked and Loaded,05/04/2001,"Atlantic City, New Jersey, USA"
UFC 30: Battle on the Boardwalk,02/23/2001,"Atlantic City, New Jersey, USA"
UFC 29: Defense of the Belts,12/16/2000,"Tokyo, Japan"
UFC 28: High Stakes,11/17/2000,"Atlantic City, New Jersey, USA"
UFC 27: Ultimate Bad Boyz,09/22/2000,"New Orleans, Louisiana, USA"
UFC 26: Ultimate Field Of Dreams,06/09/2000,"Cedar Rapids, Iowa, USA"
UFC 25: Ultimate Japan 3,04/14/2000,"Tokyo, Japan"
UFC 24: First Defense,03/10/2000,"Lake Charles, Louisiana, USA"
UFC 23: Ultimate Japan 2,11/19/1999,"Chiba, Japan"
UFC 22: Only One Can be Champion,09/24/1999,"Lake Charles, Louisiana, USA"
UFC 21: Return of the Champions,07/16/1999,"Cedar Rapids, Iowa, USA"
UFC 20: Battle for the Gold,05/07/1999,"Birmingham, Alabama, USA"
UFC 19: Ultimate Young Guns,03/05/1999,"Bay St. Louis, Mississippi, USA"
UFC 18: The Road to the Heavyweight Title,01/08/1999,"New Orleans, Louisiana, USA"
UFC - Ultimate Brazil,10/16/1998,"Sao Paulo, Brazil"
UFC 17: Redemption,05/15/1998,"Mobile, Alabama, USA"
UFC 16: Battle in the Bayou,03/13/1998,"New Orleans, Louisiana, USA"
UFC - Ultimate Japan,12/21/1997,"Yokohama, Kanagawa, Japan"
UFC 15: Collision Course,10/17/1997,"Bay St. Louis, Mississippi, USA"
UFC 14: Showdown,07/27/1997,"Birmingham, Alabama, USA"
UFC 13: The Ultimate Force,05/30/1997,"Augusta, Georgia, USA"
UFC 12: Judgement Day,02/07/1997,"Dothan, Alabama, USA"
UFC - Ultimate Ultimate '96,12/07/1996,"Birmingham, Alabama, USA"
UFC 11: The Proving Ground,09/20/1996,"Augusta, Georgia, USA"
UFC 10: The Tournament,07/12/1996,"Birmingham, Alabama, USA"
UFC 9: Motor City Madness,05/17/1996,"Detroit, Michigan, USA"
UFC 8: David vs Goliath,02/16/1996,"San Juan, Puerto Rico"
UFC - Ultimate Ultimate '95,12/16/1995,"Denver, Colorado, USA"
UFC 7: The Brawl in Buffalo,09/08/1995,"Buffalo, New York, USA"
UFC 6: Clash of the Titans,07/14/1995,"Casper, Wyoming, USA"
UFC 5: The Return of the Beast,04/07/1995,"Charlotte, North Carolina, USA"
UFC 4: Revenge of the Warriors,12/16/1994,"Tulsa, Oklahoma, USA"
UFC 3: The American Dream,09/09/1994,"Charlotte, North Carolina, USA"
UFC 2: No Way Out,03/11/1994,"Denver, Colorado, USA"
